mmsi,ship_name,ship_type_code,latitude,longitude,sog,cog,heading,timestamp
355000555,Sea Pearl,36,6.81596,78.2716,21.0,249.3,62,2026-07-02T14:12:08Z
413000666,Red Sea Pearl,85,17.79454,52.26799,23.8,219.0,295,2026-07-02T14:01:55Z
538000333,Pacific Explorer,60,43.43711,41.22876,9.4,45.5,210,02/07/2026 12:46:36
538000333,Pacific Explorer,60,12.04765,54.07832,7.3,246.0,163,2026-07-02T13:45:06Z
311000123,Al-Batha,81,23.10507,58.96231,14.0,237.9,306,02/07/2026 13:47:18
538000333,Pacific Explorer,60,24.87558,59.0249,23.4,269.1,185,1782976840
636000444,Gulf Breeze,79,25.27064,57.64544,8.8,104.6,236,2026/07/02 12:36:59
235000111,Desert Star,82,17.84758,61.56681,11.6,292.0,135,2026-07-02T14:11:11Z
636000444,Gulf Breeze,79,21.07173,52.29523,9.3,222.2,38,02/07/2026 13:55:07
235000111,Desert Star,82,15.3989,63.11647,2.0,39.2,149,1782975115
419000222,Indus Prince,74,25.71927,58.51138,22.3,339.5,165,2026/07/02 12:20:45
477000789,Blue Marlin,30,17.64999,63.05192,18.6,293.5,215,02/07/2026 13:43:42
311000123,Al-Batha,81,23.595,50.79595,1.3,329.7,83,2026-07-02T14:18:46Z
355000555,Sea Pearl,36,3.56944,68.22947,4.6,352.5,102,2026/07/02 14:12:22
477123456,Sindbad,30,21.20067,57.65936,18.2,237.5,126,2026-07-02T14:29:05Z
477000789,Blue Marlin,30,20.09437,61.66874,7.9,338.1,305,1782981333
538000333,Pacific Explorer,60,27.46526,54.68284,20.1,130.6,136,2026/07/02 12:25:49
636000444,Gulf Breeze,79,22.61248,59.98278,13.5,37.8,97,2026-07-02T14:44:27Z
413000666,Red Sea Pearl,85,17.11182,56.89738,14.3,143.0,180,1782976608
311000123,Al-Batha,81,25.4566,63.9967,15.8,7.1,91,1782974422
355000555,Sea Pearl,36,25.99928,59.26895,18.6,128.0,511,2026-07-02T14:21:20Z
235000111,Desert Star,82,12.03195,56.38262,14.3,339.5,167,2026/07/02 12:31:47
538000333,Pacific Explorer,60,19.49809,61.3229,14.2,15.1,241,1782978047
235000111,Desert Star,82,17.91085,58.49972,11.5,350.3,5,02/07/2026 13:13:16
477123456,Sindbad,30,17.05616,51.8348,9.6,271.4,315,02/07/2026 13:27:13
311000123,Al-Batha,81,24.88402,58.11867,19.4,296.7,312,1782974021
235000111,Desert Star,82,26.86221,53.1847,5.3,228.7,9,2026/07/02 13:33:43
355000555,Sea Pearl,36,18.95051,54.11013,8.6,2.5,12,1782981885
477123456,Sindbad,30,27.31612,60.15168,8.8,72.6,322,2026-07-02T12:40:03Z
235000111,Desert Star,82,12.762,51.59826,6.2,256.9,511,02/07/2026 13:33:26
235000111,Desert Star,82,22.44933,53.76671,22.4,90.1,154,02/07/2026 14:06:52
311000456,Ocean Voyager,70,26.48922,57.34904,12.3,245.3,81,1782982568
355000555,Sea Pearl,36,18.82482,56.95313,12.5,70.9,511,2026/07/02 14:26:15
413000666,Red Sea Pearl,85,18.68216,51.49483,12.9,202.5,333,1782975357
636000444,Gulf Breeze,79,20.03444,60.01165,13.0,59.3,179,1782975648
311000456,Ocean Voyager,70,19.16536,64.9265,8.4,329.2,224,2026-07-02T12:43:58Z
477123456,Sindbad,30,21.17802,54.43788,5.9,336.3,116,02/07/2026 13:06:00
419000222,Indus Prince,74,43.60106,40.63276,22.6,285.8,352,1782978633
419000222,Indus Prince,74,18.05114,57.33691,6.5,262.4,153,1782981449
413000666,Red Sea Pearl,85,18.98522,50.21311,5.5,335.8,93,02/07/2026 12:48:00
355000555,Sea Pearl,36,17.65368,54.9696,10.6,107.1,164,2026/07/02 14:06:44
477000789,Blue Marlin,30,23.72813,54.14743,18.6,195.1,332,1782975980
477000789,Blue Marlin,30,27.33816,64.28694,1.6,170.2,12,02/07/2026 14:19:25
477000789,Blue Marlin,30,19.49122,61.56748,5.9,275.6,339,2026-07-02T12:49:53Z
636000444,Gulf Breeze,79,14.95751,51.34896,18.5,81.2,47,2026/07/02 12:31:39
311000123,Al-Batha,81,21.68172,53.59592,15.6,225.3,119,1782980665
636000444,Gulf Breeze,79,15.05196,58.32892,18.3,306.5,345,2026/07/02 13:51:55
636000444,Gulf Breeze,79,20.8,63.2417,9.1,245.5,274,2026-07-02T14:03:22Z
477000789,Blue Marlin,30,20.74951,63.05828,0.7,202.5,53,02/07/2026 12:29:01
311000123,Al-Batha,81,13.93219,54.20487,5.8,142.6,104,1782977615
477123456,Sindbad,30,20.22465,57.94735,20.3,340.0,14,2026/07/02 14:14:28
477123456,Sindbad,30,17.94806,55.06368,21.0,319.0,177,2026/07/02 12:06:42
413000666,Red Sea Pearl,85,26.04617,52.27006,7.9,253.9,322,2026-07-02T12:14:19Z
355000555,Sea Pearl,36,20.97448,52.60616,19.5,113.6,340,02/07/2026 13:44:56
636000444,Gulf Breeze,79,17.57965,59.47979,13.3,220.1,128,02/07/2026 12:32:08
311000456,Ocean Voyager,70,15.30887,64.03643,16.6,316.1,4,2026-07-02T12:33:02Z
355000555,Sea Pearl,36,26.63455,52.57048,20.9,167.6,297,2026-07-02T12:02:51Z
636000444,Gulf Breeze,79,13.24842,62.17615,5.0,318.3,156,2026/07/02 13:51:57
413000666,Red Sea Pearl,85,23.92543,58.85606,3.0,157.2,20,2026-07-02T12:46:05Z
311000123,Al-Batha,81,41.81802,78.42892,24.7,221.9,177,1782982661
235000111,Desert Star,82,26.68741,57.69641,1.3,216.4,98,2026/07/02 13:18:23
477000789,Blue Marlin,30,20.9346,57.0345,11.1,200.2,203,1782977915
235000111,Desert Star,82,20.95797,55.2606,20.8,27.7,174,2026-07-02T12:02:07Z
538000333,Pacific Explorer,60,20.38495,56.10428,17.9,102.3,160,2026-07-02T13:31:32Z
235000111,Desert Star,82,12.13935,55.66021,24.6,184.8,304,02/07/2026 12:56:49
477123456,Sindbad,30,13.87132,59.60167,1.0,290.8,327,2026-07-02T12:11:25Z
477123456,Sindbad,30,13.86412,60.21336,24.5,199.8,223,2026/07/02 14:32:54
311000123,Al-Batha,81,22.25239,54.91536,20.7,26.3,328,1782976405
419000222,Indus Prince,74,15.63232,64.16031,6.3,341.4,356,02/07/2026 13:29:02
311000456,Ocean Voyager,70,16.92044,62.53689,15.8,212.3,157,2026-07-02T13:16:25Z
311000456,Ocean Voyager,70,22.51984,63.48462,16.3,285.3,119,02/07/2026 13:09:35
311000456,Ocean Voyager,70,21.86911,56.08507,19.8,30.3,50,2026-07-02T13:02:53Z
477123456,Sindbad,30,12.99038,50.88981,20.7,294.3,323,2026-07-02T14:41:39Z
538000333,Pacific Explorer,60,12.72608,58.72073,3.3,356.5,134,2026-07-02T12:29:16Z
477000789,Blue Marlin,30,20.96848,61.27622,11.5,234.4,95,02/07/2026 12:57:11
538000333,Pacific Explorer,60,21.14236,53.7209,10.7,209.8,348,1782974827
311000456,Ocean Voyager,70,15.72572,54.81342,12.9,32.7,97,1782983235
538000333,Pacific Explorer,60,27.06353,58.22828,17.7,339.0,314,2026-07-02T13:34:05Z
538000333,Pacific Explorer,60,15.79593,51.80779,4.0,62.2,315,2026/07/02 14:32:55
538000333,Pacific Explorer,60,14.56347,62.85731,19.9,8.5,210,02/07/2026 14:12:25
477000789,Blue Marlin,30,20.18738,57.065,9.5,114.8,336,2026-07-02T12:32:32Z
311000456,Ocean Voyager,70,27.9216,56.15759,6.2,258.2,69,2026-07-02T13:09:16Z
355000555,Sea Pearl,36,12.13963,60.20942,18.1,241.1,165,02/07/2026 14:02:27
355000555,Sea Pearl,36,19.9228,54.26867,6.3,226.4,217,1782981803
636000444,Gulf Breeze,79,19.16313,64.95627,21.6,210.3,168,1782983059
419000222,Indus Prince,74,21.43568,54.58438,8.6,185.6,151,1782983026
636000444,Gulf Breeze,79,13.04597,50.50175,9.6,320.4,511,2026-07-02T12:45:41Z
636000444,Gulf Breeze,79,27.56754,53.40502,7.6,200.0,511,2026/07/02 12:39:52
419000222,Indus Prince,74,25.14918,62.16404,16.7,83.3,207,02/07/2026 13:02:32
311000456,Ocean Voyager,70,26.89007,63.28002,9.2,12.4,127,1782976106
419000222,Indus Prince,74,14.0975,63.43753,7.7,224.5,319,02/07/2026 12:13:04
538000333,Pacific Explorer,60,19.73696,51.23158,5.5,165.9,511,2026/07/02 14:09:29
538000333,Pacific Explorer,60,23.42479,62.04626,1.4,332.8,151,2026-07-02T12:47:45Z
311000123,Al-Batha,81,12.01335,53.57383,3.2,162.4,168,1782976177
419000222,Indus Prince,74,12.1252,64.80487,2.7,3.6,511,2026/07/02 13:38:23
355000555,Sea Pearl,36,18.26892,54.80123,3.3,236.9,262,02/07/2026 14:10:48
311000123,Al-Batha,81,21.12573,63.66678,1.0,49.6,216,02/07/2026 12:23:21
311000456,Ocean Voyager,70,13.1265,57.5208,0.7,243.8,204,2026/07/02 14:24:15
355000555,Sea Pearl,36,15.83401,56.50101,4.8,236.8,216,2026/07/02 14:01:12
477123456,Sindbad,30,24.78483,64.79586,2.2,168.5,511,02/07/2026 13:55:50
419000222,Indus Prince,74,26.1802,54.85663,16.6,43.6,316,2026-07-02T12:16:26Z
235000111,Desert Star,82,15.05643,51.44409,6.9,142.6,511,2026/07/02 13:22:12
419000222,Indus Prince,74,16.89236,64.10997,15.7,100.2,259,02/07/2026 13:55:18
636000444,Gulf Breeze,79,25.24755,57.4658,1.1,198.4,329,2026/07/02 13:12:33
355000555,Sea Pearl,36,12.12685,62.62732,5.8,38.4,181,1782981770
477000789,Blue Marlin,30,27.23109,61.83856,14.2,342.1,14,02/07/2026 13:34:33
355000555,Sea Pearl,36,24.05793,51.21735,11.0,159.9,103,2026-07-02T14:16:10Z
413000666,Red Sea Pearl,85,23.09665,52.87892,3.5,177.9,163,2026-07-02T12:35:55Z
538000333,Pacific Explorer,60,27.18139,53.11995,0.6,92.5,230,2026-07-02T12:32:02Z
419000222,Indus Prince,74,15.4085,55.60342,4.8,12.3,105,02/07/2026 12:53:27
538000333,Pacific Explorer,60,13.66939,54.03251,7.8,327.5,236,02/07/2026 13:43:15
355000555,Sea Pearl,36,14.84893,51.95461,7.8,334.4,122,02/07/2026 12:33:25
413000666,Red Sea Pearl,85,22.96503,50.33945,5.3,118.8,210,1782981678
477000789,Blue Marlin,30,19.88581,57.85659,4.5,126.4,74,1782981979
311000123,Al-Batha,81,21.56565,55.53714,10.5,158.9,223,1782980295
311000456,Ocean Voyager,70,24.73,60.40665,10.3,274.5,143,1782975026
477000789,Blue Marlin,30,27.73924,56.51113,22.0,29.3,275,02/07/2026 14:11:35
413000666,Red Sea Pearl,85,20.46971,64.4183,14.3,343.8,259,1782974245
538000333,Pacific Explorer,60,23.50659,51.83528,0.7,38.8,225,2026-07-02T13:36:28Z
538000333,Pacific Explorer,60,20.8655,53.3065,24.5,234.9,244,02/07/2026 13:18:06
477000789,Blue Marlin,30,23.6537,56.77347,1.0,128.1,39,1782979707
636000444,Gulf Breeze,79,16.64164,51.89697,13.4,284.4,200,2026-07-02T12:07:38Z
538000333,Pacific Explorer,60,20.02346,64.2042,12.1,208.8,148,2026-07-02T12:22:54Z
636000444,Gulf Breeze,79,16.21222,54.81589,8.6,7.5,152,02/07/2026 13:26:01
477000789,Blue Marlin,30,15.7926,57.11701,7.3,196.7,57,02/07/2026 12:16:41
413000666,Red Sea Pearl,85,16.58402,64.36134,17.0,129.1,511,02/07/2026 13:32:51
413000666,Red Sea Pearl,85,14.39415,61.0418,20.3,340.0,185,02/07/2026 12:47:47
538000333,Pacific Explorer,60,12.6841,53.65341,10.8,3.6,168,2026-07-02T13:32:16Z
355000555,Sea Pearl,36,15.30526,58.65418,12.2,176.9,346,2026-07-02T14:27:47Z
477000789,Blue Marlin,30,15.73389,53.81452,19.9,176.0,15,2026/07/02 12:08:21
477000789,Blue Marlin,30,25.88632,50.02808,24.3,65.6,155,02/07/2026 13:36:21
477000789,Blue Marlin,30,27.29065,61.87114,3.9,82.6,179,2026/07/02 14:12:58
311000123,Al-Batha,81,17.78647,62.9968,15.3,106.5,92,2026/07/02 13:19:05
477123456,Sindbad,30,21.22724,58.15485,4.8,37.3,352,2026-07-02T14:24:55Z
477000789,Blue Marlin,30,13.20071,58.8609,0.9,72.4,110,2026/07/02 13:30:56
538000333,Pacific Explorer,60,24.61598,59.86406,20.4,243.9,323,2026-07-02T14:38:51Z
311000123,Al-Batha,81,40.45162,36.63666,7.8,277.2,45,02/07/2026 12:14:38
355000555,Sea Pearl,36,15.66486,52.00056,4.1,324.7,98,2026-07-02T12:34:25Z
477123456,Sindbad,30,1.30785,78.24831,12.7,2.7,511,02/07/2026 13:02:15
477123456,Sindbad,30,16.82045,50.59942,4.4,40.7,20,2026/07/02 14:10:40
235000111,Desert Star,82,17.44727,61.9398,13.0,211.5,195,2026/07/02 14:45:23
311000456,Ocean Voyager,70,19.06936,59.36622,9.5,20.9,108,2026-07-02T13:22:32Z
355000555,Sea Pearl,36,12.00395,52.91526,16.9,79.8,253,2026/07/02 12:04:44
311000456,Ocean Voyager,70,21.13877,58.10705,22.2,143.6,213,2026-07-02T13:37:39Z
538000333,Pacific Explorer,60,25.89424,63.28453,20.7,95.5,151,2026-07-02T12:34:25Z
419000222,Indus Prince,74,13.68036,51.09997,13.4,71.3,511,2026-07-02T13:21:39Z
235000111,Desert Star,82,12.22102,51.65305,13.0,141.2,79,2026/07/02 14:07:22
235000111,Desert Star,82,17.84882,58.58988,6.2,172.1,511,02/07/2026 13:51:17
311000123,Al-Batha,81,14.5508,52.27264,16.7,299.9,268,1782981054
477000789,Blue Marlin,30,13.848,57.24111,5.5,21.6,336,1782981460
636000444,Gulf Breeze,79,15.04546,54.42878,0.3,260.5,124,2026-07-02T12:15:55Z
235000111,Desert Star,82,26.74626,64.0699,20.1,269.8,108,1782981603
355000555,Sea Pearl,36,3.58089,43.67991,23.4,81.7,281,1782977379
235000111,Desert Star,82,19.95048,60.06509,20.6,326.7,33,2026-07-02T14:17:35Z
311000456,Ocean Voyager,70,13.17885,59.21168,18.8,34.9,23,1782977828
413000666,Red Sea Pearl,85,22.78727,59.06541,2.7,184.9,331,2026-07-02T12:27:45Z
477000789,Blue Marlin,30,12.21071,57.14839,19.2,247.2,345,02/07/2026 12:13:35
355000555,Sea Pearl,36,12.20148,61.62733,16.8,304.5,9,2026-07-02T14:36:08Z
538000333,Pacific Explorer,60,15.87859,59.67292,10.9,41.4,208,2026-07-02T14:38:57Z
413000666,Red Sea Pearl,85,4.54997,35.20966,5.6,152.3,23,2026-07-02T14:13:51Z
413000666,Red Sea Pearl,85,26.66908,52.59511,14.8,167.3,300,02/07/2026 13:06:52
311000123,Al-Batha,81,15.72621,62.99017,6.2,213.5,332,2026-07-02T12:01:22Z
477123456,Sindbad,30,26.66554,60.76175,17.7,349.1,182,1782979694
355000555,Sea Pearl,36,20.48894,62.31657,23.0,349.9,258,2026/07/02 13:15:50
419000222,Indus Prince,74,17.90667,60.93032,13.0,119.3,156,2026-07-02T14:18:42Z
311000123,Al-Batha,81,23.04614,57.72399,3.1,61.8,511,2026-07-02T12:45:57Z
636000444,Gulf Breeze,79,27.18111,59.04756,0.2,147.1,295,2026/07/02 12:45:05
311000456,Ocean Voyager,70,24.12668,64.02768,2.7,90.6,345,2026-07-02T13:26:25Z
538000333,Pacific Explorer,60,27.01564,59.1051,1.2,9.4,306,02/07/2026 13:33:05
413000666,Red Sea Pearl,85,27.69244,63.52901,9.1,65.7,289,1782983143
419000222,Indus Prince,74,23.9378,60.45416,24.9,195.8,293,2026-07-02T14:28:11Z
413000666,Red Sea Pearl,85,19.67251,64.79857,3.2,118.9,51,02/07/2026 14:30:25
235000111,Desert Star,82,15.93415,57.35003,9.1,277.1,162,2026/07/02 13:53:15
419000222,Indus Prince,74,25.52357,54.81346,11.6,110.6,9,2026/07/02 12:57:19
477123456,Sindbad,30,26.26561,62.06649,18.3,189.5,208,2026/07/02 14:41:18
355000555,Sea Pearl,36,16.8528,56.51357,19.3,107.2,58,2026/07/02 14:35:25
636000444,Gulf Breeze,79,26.05427,50.37484,1.2,67.2,286,02/07/2026 12:05:01
413000666,Red Sea Pearl,85,13.58895,58.64342,2.6,283.9,219,1782979521
477000789,Blue Marlin,30,12.43368,63.64222,15.1,348.0,285,2026/07/02 13:47:51
355000555,Sea Pearl,36,25.86198,52.04267,12.8,274.5,511,1782979969
538000333,Pacific Explorer,60,15.29121,54.94886,7.4,253.1,4,2026/07/02 14:42:32
355000555,Sea Pearl,36,24.01307,62.54895,23.2,279.7,46,2026-07-02T13:49:03Z
413000666,Red Sea Pearl,85,26.76601,60.95517,11.5,149.1,261,02/07/2026 14:40:25
538000333,Pacific Explorer,60,21.37172,56.80178,5.9,197.0,160,2026/07/02 14:15:29
355000555,Sea Pearl,36,16.17712,56.29282,10.0,121.1,67,2026-07-02T13:05:41Z
413000666,Red Sea Pearl,85,26.2366,52.75442,3.6,358.9,160,2026/07/02 13:44:28
419000222,Indus Prince,74,26.72794,52.12463,6.6,22.7,68,2026/07/02 13:21:31
636000444,Gulf Breeze,79,22.49528,53.91465,15.4,5.9,15,1782983528
235000111,Desert Star,82,22.8539,63.4071,7.7,26.6,47,02/07/2026 14:38:12
538000333,Pacific Explorer,60,21.60254,60.09711,10.9,160.9,116,2026-07-02T14:28:28Z
419000222,Indus Prince,74,25.89365,57.57152,1.1,100.9,154,2026-07-02T13:57:37Z
311000123,Al-Batha,81,17.40509,53.83698,2.4,113.7,2,2026/07/02 13:35:14
477000789,Blue Marlin,30,24.83406,64.48921,15.0,285.2,351,2026/07/02 13:06:40
477123456,Sindbad,30,18.04675,50.96229,19.8,12.2,274,2026-07-02T13:46:14Z
538000333,Pacific Explorer,60,18.59534,51.89998,7.5,107.8,511,2026/07/02 13:46:25
636000444,Gulf Breeze,79,21.50695,54.2537,9.0,255.0,207,2026/07/02 13:59:53
538000333,Pacific Explorer,60,14.19176,51.43717,23.4,228.8,51,02/07/2026 14:08:19
235000111,Desert Star,82,24.12916,52.2607,15.6,337.3,511,1782981904
636000444,Gulf Breeze,79,36.11138,71.14271,0.3,205.5,15,2026/07/02 12:09:35
311000123,Al-Batha,81,15.7814,57.79727,1.4,217.4,156,1782977121
419000222,Indus Prince,74,16.74751,50.45283,13.5,311.6,120,2026/07/02 13:28:16
311000456,Ocean Voyager,70,23.42457,52.92495,12.0,167.5,124,2026/07/02 12:18:03
311000456,Ocean Voyager,70,23.0422,62.82359,16.1,203.0,511,2026/07/02 13:48:41
538000333,Pacific Explorer,60,20.72394,55.31041,10.9,260.3,354,02/07/2026 12:55:33
419000222,Indus Prince,74,26.81147,58.59468,5.6,96.6,222,2026/07/02 13:54:55
419000222,Indus Prince,74,12.2853,57.40792,19.4,150.9,248,2026/07/02 14:00:05
477000789,Blue Marlin,30,16.47655,60.35615,13.2,198.4,210,2026/07/02 12:09:18
538000333,Pacific Explorer,60,14.08749,56.74015,18.3,209.1,262,2026-07-02T12:56:42Z
235000111,Desert Star,82,15.65215,53.53014,11.9,183.2,187,2026-07-02T12:19:47Z
538000333,Pacific Explorer,60,20.41224,56.6291,16.4,17.5,5,2026/07/02 12:16:56
355000555,Sea Pearl,36,17.87088,54.56751,7.0,125.7,82,1782983777
636000444,Gulf Breeze,79,16.06386,63.25909,11.1,240.2,301,1782975803
311000123,Al-Batha,81,13.34554,61.88115,21.5,154.3,101,2026-07-02T13:28:55Z
311000123,Al-Batha,81,25.81132,60.1955,17.3,95.3,226,1782974666
636000444,Gulf Breeze,79,16.48725,55.7097,23.3,177.5,162,1782978344
413000666,Red Sea Pearl,85,12.58786,54.07581,3.8,27.3,200,1782980741
235000111,Desert Star,82,22.05247,56.35878,19.7,327.7,80,1782980132
355000555,Sea Pearl,36,18.80494,57.38932,17.7,146.9,31,02/07/2026 13:00:04
636000444,Gulf Breeze,79,25.88938,56.81358,16.3,202.1,511,2026-07-02T12:55:14Z
477123456,Sindbad,30,26.08931,51.90036,17.8,265.7,327,2026-07-02T12:30:57Z
538000333,Pacific Explorer,60,14.64124,56.21204,3.7,191.9,40,1782974925
419000222,Indus Prince,74,27.43376,52.502,23.1,315.1,511,1782981485
311000456,Ocean Voyager,70,18.24866,60.5564,19.6,101.1,511,02/07/2026 14:23:08
419000222,Indus Prince,74,20.87222,64.90438,18.4,96.6,192,1782974455
636000444,Gulf Breeze,79,24.32806,58.29064,22.7,292.4,14,1782976951
235000111,Desert Star,82,14.59867,50.67181,7.6,159.8,344,02/07/2026 12:59:53
477123456,Sindbad,30,20.74317,50.14588,4.0,28.3,511,2026-07-02T13:41:02Z
413000666,Red Sea Pearl,85,15.73023,52.89437,14.8,336.2,204,2026-07-02T12:39:11Z
538000333,Pacific Explorer,60,18.19467,58.03093,9.2,246.5,10,1782979666
419000222,Indus Prince,74,15.66859,62.86698,17.1,162.6,213,2026/07/02 13:23:46
413000666,Red Sea Pearl,85,6.89464,77.55976,14.2,202.1,19,2026/07/02 12:52:39
477000789,Blue Marlin,30,26.57688,55.26829,12.6,123.1,139,2026-07-02T12:50:30Z
419000222,Indus Prince,74,15.508,54.32553,2.2,305.1,123,2026/07/02 12:57:04
477123456,Sindbad,30,26.45222,52.05276,17.2,301.1,10,2026-07-02T13:01:19Z
538000333,Pacific Explorer,60,16.51873,60.25371,6.8,137.5,334,2026-07-02T12:35:42Z
477000789,Blue Marlin,30,1.19596,36.63602,8.4,341.9,342,2026/07/02 12:34:15
311000456,Ocean Voyager,70,15.09573,55.42834,25.0,44.7,298,2026-07-02T14:04:39Z
538000333,Pacific Explorer,60,22.35049,53.18481,15.3,24.7,39,2026/07/02 14:26:01
311000123,Al-Batha,81,16.23863,61.95633,2.1,262.8,86,2026/07/02 14:40:28
235000111,Desert Star,82,14.36119,58.02245,1.1,338.2,52,2026/07/02 13:07:30
477000789,Blue Marlin,30,27.7144,53.40576,21.1,40.6,250,2026/07/02 13:56:00
355000555,Sea Pearl,36,19.80146,54.61159,4.8,259.8,63,1782976590
477000789,Blue Marlin,30,4.01853,69.68317,12.6,90.9,263,2026/07/02 12:15:33
419000222,Indus Prince,74,12.50378,64.05318,9.1,243.1,354,2026/07/02 13:36:49
355000555,Sea Pearl,36,12.81551,55.56797,24.3,8.7,257,2026-07-02T12:41:45Z
355000555,Sea Pearl,36,19.07433,63.55016,21.4,164.2,151,1782978713
477123456,Sindbad,30,1.30685,78.24831,12.7,2.7,511,02/07/2026 13:02:15
477123456,Sindbad,30,23.43565,62.20519,23.5,139.5,37,2026-07-02T13:53:05Z
235000111,Desert Star,82,24.12916,52.2607,15.6,337.3,511,1782981904
636000444,Gulf Breeze,79,21.33237,59.93309,11.2,217.0,511,2026/07/02 14:07:55
311000456,Ocean Voyager,70,26.03377,54.88904,3.7,89.5,276,1782981036
477123456,Sindbad,30,3.40796,68.04563,1.5,8.4,511,02/07/2026 13:48:03
477123456,Sindbad,30,16.62364,51.46914,15.8,315.1,270,1782982953
477123456,Sindbad,30,15.0978,50.5082,4.0,280.4,118,1782973860
355000555,Sea Pearl,36,20.74937,63.69111,1.6,119.5,216,1782982325
477123456,Sindbad,30,27.11375,51.52308,2.0,325.7,300,2026-07-02T13:50:45Z
355000555,Sea Pearl,36,22.39969,58.21807,19.4,43.9,511,2026-07-02T12:07:59Z
355000555,Sea Pearl,36,26.25151,50.62185,23.9,9.7,241,02/07/2026 13:00:45
413000666,Red Sea Pearl,85,12.56288,51.98895,0.9,336.1,65,1782981135
235000111,Desert Star,82,26.43563,60.20058,9.2,87.1,511,1782976248
355000555,Sea Pearl,36,17.07087,59.73828,16.9,73.7,511,2026/07/02 14:04:12
477000789,Blue Marlin,30,12.54513,61.18922,17.0,264.7,342,2026/07/02 13:50:30
355000555,Sea Pearl,36,15.62589,63.13101,21.5,189.0,238,02/07/2026 12:51:45
235000111,Desert Star,82,21.60753,53.07907,14.5,236.2,158,1782981075
235000111,Desert Star,82,25.54301,50.54189,20.1,131.6,122,2026/07/02 14:20:51
538000333,Pacific Explorer,60,13.46947,60.27035,13.5,56.9,87,2026-07-02T12:59:04Z
413000666,Red Sea Pearl,85,27.03306,54.46356,1.2,351.8,72,2026/07/02 12:00:06
413000666,Red Sea Pearl,85,26.78011,50.61115,6.5,225.8,316,2026-07-02T14:33:18Z
235000111,Desert Star,82,21.31163,64.85287,15.5,32.1,79,1782981017
477000789,Blue Marlin,30,23.33772,56.17907,14.2,184.8,511,2026-07-02T12:24:29Z
636000444,Gulf Breeze,79,20.1208,56.54077,8.1,111.6,212,1782982909
355000555,Sea Pearl,36,12.51201,61.27842,7.1,216.9,275,02/07/2026 14:30:15
355000555,Sea Pearl,36,12.46349,63.4756,10.6,281.7,283,2026/07/02 12:45:55
413000666,Red Sea Pearl,85,22.88338,61.66532,20.7,60.9,116,2026/07/02 13:27:27
477123456,Sindbad,30,31.0849,76.68085,7.3,327.9,272,1782982864
419000222,Indus Prince,74,14.62687,56.8034,2.2,239.6,357,02/07/2026 12:54:14
413000666,Red Sea Pearl,85,18.32252,62.13599,4.6,57.6,97,2026-07-02T12:28:14Z
311000456,Ocean Voyager,70,21.673,50.52764,11.9,322.8,10,02/07/2026 13:59:08
355000555,Sea Pearl,36,20.54629,64.11359,20.4,275.4,265,2026-07-02T13:47:12Z
235000111,Desert Star,82,14.63242,62.92715,6.4,43.0,511,1782978837
538000333,Pacific Explorer,60,26.13063,50.53816,9.5,175.4,60,2026-07-02T13:12:04Z
413000666,Red Sea Pearl,85,18.88981,56.14965,18.1,144.3,268,1782980415
235000111,Desert Star,82,24.71135,51.74128,2.5,236.4,335,02/07/2026 13:40:17
477123456,Sindbad,30,12.15618,64.20532,12.5,129.4,11,1782978182
477000789,Blue Marlin,30,20.76674,55.71188,0.9,285.0,158,2026-07-02T13:37:35Z
477123456,Sindbad,30,22.34455,64.97495,19.6,303.5,246,2026-07-02T13:50:42Z
636000444,Gulf Breeze,79,18.1906,62.48539,3.6,189.2,283,2026/07/02 12:36:31
235000111,Desert Star,82,16.80314,59.94283,5.2,345.4,302,1782979759
477000789,Blue Marlin,30,26.91267,57.01851,25.0,154.3,230,2026-07-02T12:25:00Z
311000123,Al-Batha,81,18.66288,64.3575,6.1,263.2,231,1782983182
636000444,Gulf Breeze,79,26.14217,54.39502,15.8,94.9,82,2026/07/02 12:44:50
311000456,Ocean Voyager,70,15.68179,51.31239,0.2,169.6,272,2026-07-02T14:19:45Z
311000123,Al-Batha,81,18.5194,51.54002,14.6,226.4,139,2026-07-02T13:09:03Z
311000123,Al-Batha,81,25.88901,56.31788,21.3,191.9,296,1782977373
477123456,Sindbad,30,21.74977,50.65537,13.9,70.1,313,02/07/2026 12:49:18
538000333,Pacific Explorer,60,22.38363,61.03957,14.1,26.7,511,2026/07/02 13:17:06
311000456,Ocean Voyager,70,19.32018,53.02792,5.7,94.1,286,2026/07/02 12:11:15
311000456,Ocean Voyager,70,22.98283,50.37029,22.2,4.1,326,2026-07-02T13:05:25Z
419000222,Indus Prince,74,24.75725,58.38596,17.0,75.1,200,2026/07/02 14:23:16
235000111,Desert Star,82,18.16047,59.45564,4.5,243.5,321,2026/07/02 14:19:26
538000333,Pacific Explorer,60,3.08685,77.65962,9.8,287.8,102,2026/07/02 13:31:59
477123456,Sindbad,30,15.48083,58.29219,7.2,50.3,332,1782979941
355000555,Sea Pearl,36,20.08253,60.17413,19.0,312.5,511,2026-07-02T13:05:25Z
477123456,Sindbad,30,13.02636,62.28729,7.9,354.6,308,1782979199
311000123,Al-Batha,81,24.30108,60.11258,20.9,320.8,243,2026/07/02 14:35:49
311000456,Ocean Voyager,70,26.88526,62.77722,24.5,2.4,303,02/07/2026 12:05:34
355000555,Sea Pearl,36,20.4438,53.13847,4.3,59.1,311,1782977586
538000333,Pacific Explorer,60,17.52472,63.76172,3.6,252.7,123,02/07/2026 13:44:36
355000555,Sea Pearl,36,23.12321,52.39805,14.4,25.0,328,1782982504
538000333,Pacific Explorer,60,23.98012,52.15303,8.7,46.7,197,1782982316
235000111,Desert Star,82,22.17591,61.47025,14.5,167.1,347,2026/07/02 12:02:42
235000111,Desert Star,82,24.76771,63.27539,20.1,56.5,511,02/07/2026 13:48:27
538000333,Pacific Explorer,60,16.58605,53.64926,16.7,156.5,133,02/07/2026 12:52:06
636000444,Gulf Breeze,79,37.54467,73.44952,14.7,333.7,511,2026/07/02 14:41:07
419000222,Indus Prince,74,24.17614,56.75915,14.5,44.3,289,2026/07/02 12:01:38
235000111,Desert Star,82,15.9976,62.4484,1.1,333.1,239,2026/07/02 13:15:33
235000111,Desert Star,82,25.04722,50.02179,8.6,150.9,22,1782980145
419000222,Indus Prince,74,14.05288,55.45156,3.3,50.5,66,2026/07/02 12:03:25
311000123,Al-Batha,81,19.1146,61.30911,2.9,23.0,86,02/07/2026 12:20:21
413000666,Red Sea Pearl,85,26.00399,56.05057,16.2,110.4,137,1782976899
311000123,Al-Batha,81,24.43211,60.994,12.5,136.4,29,2026/07/02 12:12:55
419000222,Indus Prince,74,27.26748,62.91759,3.1,110.2,290,2026-07-02T14:43:45Z
311000456,Ocean Voyager,70,21.89796,64.38943,5.7,275.0,6,2026-07-02T14:29:34Z
538000333,Pacific Explorer,60,12.23226,53.67996,13.2,11.1,134,02/07/2026 12:16:15
355000555,Sea Pearl,36,12.45432,54.01908,9.0,283.0,166,1782977599
636000444,Gulf Breeze,79,27.77778,54.82458,12.5,309.3,327,02/07/2026 12:54:56
413000666,Red Sea Pearl,85,19.23994,63.4693,3.7,345.9,315,2026-07-02T13:41:06Z
538000333,Pacific Explorer,60,13.02131,50.34353,19.8,347.7,51,02/07/2026 14:37:28
413000666,Red Sea Pearl,85,3.41055,39.48979,21.8,149.0,55,02/07/2026 13:30:07
311000123,Al-Batha,81,19.85748,50.71642,8.8,124.5,142,02/07/2026 12:53:15
235000111,Desert Star,82,20.88868,53.31609,20.1,107.6,82,02/07/2026 12:06:11
538000333,Pacific Explorer,60,24.73593,61.30144,4.0,119.0,66,1782981418
235000111,Desert Star,82,21.74333,54.43566,21.6,150.1,140,2026/07/02 12:47:02
636000444,Gulf Breeze,79,17.15709,60.90718,20.8,98.5,70,2026-07-02T13:39:05Z
355000555,Sea Pearl,36,24.91564,51.43913,0.9,230.3,191,02/07/2026 13:53:04
311000456,Ocean Voyager,70,25.54732,57.00329,14.1,63.8,300,1782977995
311000456,Ocean Voyager,70,21.72633,62.00407,1.4,356.4,210,2026/07/02 14:13:40
636000444,Gulf Breeze,79,17.34724,61.3374,22.5,303.3,149,1782974869
311000123,Al-Batha,81,12.38028,59.84558,21.0,132.9,341,2026-07-02T12:30:34Z
477000789,Blue Marlin,30,21.94592,58.72373,2.9,56.6,323,2026-07-02T13:29:14Z
477123456,Sindbad,30,27.47218,52.04104,4.7,339.8,66,1782979738
413000666,Red Sea Pearl,85,12.53284,58.34832,7.3,178.7,65,2026-07-02T12:22:31Z
477123456,Sindbad,30,16.31093,61.55058,12.3,253.7,231,2026-07-02T14:02:12Z
311000456,Ocean Voyager,70,13.60556,63.8208,10.5,212.4,295,2026/07/02 13:19:43
538000333,Pacific Explorer,60,20.46331,51.92769,19.9,274.3,22,02/07/2026 14:17:50
311000456,Ocean Voyager,70,14.28538,56.61495,7.0,203.6,313,1782980802
538000333,Pacific Explorer,60,22.5414,61.97479,5.4,34.1,281,02/07/2026 12:00:45
413000666,Red Sea Pearl,85,20.30724,64.74542,20.6,213.2,37,2026/07/02 14:03:43
311000123,Al-Batha,81,12.44161,55.44489,12.9,133.8,309,2026-07-02T14:03:34Z
311000123,Al-Batha,81,12.42038,55.82667,21.0,263.0,136,2026/07/02 12:42:34
413000666,Red Sea Pearl,85,17.98966,59.44191,21.5,50.6,511,2026-07-02T13:16:36Z
311000456,Ocean Voyager,70,24.91081,52.22381,11.0,130.4,511,1782980263
311000456,Ocean Voyager,70,16.09724,52.00425,9.6,109.5,55,2026-07-02T13:42:35Z
477123456,Sindbad,30,13.03346,58.70889,10.2,243.9,123,2026/07/02 13:01:32
477123456,Sindbad,30,12.68029,59.61061,12.6,143.0,141,2026-07-02T14:43:33Z
413000666,Red Sea Pearl,85,13.46672,52.37586,0.8,243.2,190,02/07/2026 14:44:18
477000789,Blue Marlin,30,17.58546,50.47175,2.2,32.3,4,02/07/2026 14:39:46
235000111,Desert Star,82,18.92089,53.77042,20.2,219.1,62,2026/07/02 13:17:34
477000789,Blue Marlin,30,14.94221,53.00461,15.9,66.7,78,1782978244
477000789,Blue Marlin,30,18.91462,50.71247,5.1,339.0,191,2026-07-02T13:58:14Z
477123456,Sindbad,30,21.63137,62.18892,1.1,47.7,289,02/07/2026 13:11:08
419000222,Indus Prince,74,14.14489,50.07415,6.2,124.8,2,02/07/2026 12:55:56
636000444,Gulf Breeze,79,18.0322,56.71631,4.9,342.0,511,2026/07/02 14:32:22
413000666,Red Sea Pearl,85,26.0924,59.93547,0.7,352.0,107,02/07/2026 13:01:00
419000222,Indus Prince,74,25.39788,56.35006,23.0,89.5,287,2026-07-02T12:30:11Z
477123456,Sindbad,30,23.26627,60.73435,23.0,296.7,349,1782978885
477123456,Sindbad,30,13.16085,61.01964,19.8,341.3,85,2026/07/02 12:33:43
538000333,Pacific Explorer,60,19.82859,58.52324,23.7,89.7,120,2026/07/02 12:11:37
419000222,Indus Prince,74,13.27489,54.04017,22.0,22.0,10,2026/07/02 12:32:49
235000111,Desert Star,82,14.34596,64.54572,24.2,356.4,175,02/07/2026 14:31:33
235000111,Desert Star,82,17.03842,51.10707,14.6,324.6,158,02/07/2026 14:20:25
538000333,Pacific Explorer,60,27.84641,60.1335,6.9,72.0,299,2026/07/02 12:49:58
413000666,Red Sea Pearl,85,19.7413,55.43239,17.9,200.4,92,2026-07-02T13:23:33Z
311000123,Al-Batha,81,9.9834,75.44483,14.6,206.1,511,1782977791
355000555,Sea Pearl,36,15.50286,61.20675,16.0,320.8,265,1782982075
355000555,Sea Pearl,36,13.38122,53.58703,10.3,300.5,53,2026/07/02 14:22:19
413000666,Red Sea Pearl,85,12.50972,55.74189,4.8,252.2,511,1782977302
413000666,Red Sea Pearl,85,14.21653,54.17346,12.2,346.4,114,2026-07-02T12:43:50Z
311000123,Al-Batha,81,23.22286,59.24008,0.6,297.8,305,1782974367
311000123,Al-Batha,81,23.66581,50.21037,20.8,10.5,222,1782981234
311000456,Ocean Voyager,70,23.40385,55.79201,22.8,37.8,222,2026/07/02 12:40:32
477000789,Blue Marlin,30,23.01234,59.82668,5.1,240.0,274,2026-07-02T12:02:25Z
311000123,Al-Batha,81,24.98733,58.47265,20.5,199.8,167,1782976651
355000555,Sea Pearl,36,20.06143,50.95959,22.8,213.5,33,2026/07/02 12:49:29
355000555,Sea Pearl,36,23.74578,51.30669,5.2,179.8,322,2026/07/02 14:36:47
413000666,Red Sea Pearl,85,25.63495,63.11921,17.1,357.7,511,2026/07/02 12:30:20
419000222,Indus Prince,74,15.02836,52.66261,19.7,305.8,511,2026-07-02T13:24:13Z
538000333,Pacific Explorer,60,27.22611,62.52438,13.8,70.9,328,2026/07/02 13:00:31
413000666,Red Sea Pearl,85,13.66693,59.71333,8.6,246.1,118,2026-07-02T13:07:56Z
477123456,Sindbad,30,22.06432,56.2886,17.9,143.8,47,02/07/2026 13:14:33
355000555,Sea Pearl,36,16.62889,50.87003,15.6,99.3,219,2026-07-02T12:52:51Z
477123456,Sindbad,30,12.64396,56.77199,5.8,280.5,259,02/07/2026 14:40:11
538000333,Pacific Explorer,60,27.5246,61.69663,3.8,259.3,243,02/07/2026 14:45:32
636000444,Gulf Breeze,79,27.83317,55.24877,7.2,45.7,10,2026-07-02T12:09:13Z
413000666,Red Sea Pearl,85,14.80608,59.46331,19.8,35.3,194,1782983584
636000444,Gulf Breeze,79,25.63399,50.25127,17.1,47.5,511,02/07/2026 12:21:46
477000789,Blue Marlin,30,12.24965,54.48444,8.9,243.0,151,02/07/2026 14:45:57
311000456,Ocean Voyager,70,22.12969,54.00788,9.9,278.0,284,02/07/2026 14:11:54
355000555,Sea Pearl,36,16.0942,50.21151,1.0,179.8,292,1782977639
419000222,Indus Prince,74,25.03354,55.41784,2.6,219.1,511,2026-07-02T12:05:21Z
419000222,Indus Prince,74,27.93258,56.3933,24.3,125.6,74,02/07/2026 14:07:59
355000555,Sea Pearl,36,26.1701,50.5568,22.9,15.0,147,1782978155
477123456,Sindbad,30,21.08929,50.38767,14.9,92.9,511,2026/07/02 14:05:09
477000789,Blue Marlin,30,21.93277,53.40168,17.3,301.1,312,1782977675
311000456,Ocean Voyager,70,12.94352,51.59196,22.3,156.7,180,02/07/2026 12:26:45
636000444,Gulf Breeze,79,15.01667,59.51357,24.0,97.8,320,2026-07-02T13:50:09Z
235000111,Desert Star,82,20.0436,63.66575,6.1,340.5,153,2026/07/02 14:39:12
538000333,Pacific Explorer,60,17.52472,63.76172,3.6,252.7,123,02/07/2026 13:44:36
636000444,Gulf Breeze,79,15.41243,50.04804,21.8,90.5,70,02/07/2026 13:08:09
477123456,Sindbad,30,15.66756,56.622,11.3,0.4,191,2026/07/02 13:22:41
538000333,Pacific Explorer,60,24.44689,63.56047,1.2,44.1,45,2026-07-02T12:56:30Z
311000456,Ocean Voyager,70,22.501,56.8566,21.5,192.4,79,2026-07-02T12:06:57Z
413000666,Red Sea Pearl,85,21.03885,56.76141,24.3,157.4,117,1782981065
235000111,Desert Star,82,24.66179,51.55915,0.8,110.5,91,2026/07/02 13:43:55
311000123,Al-Batha,81,14.07688,56.53481,20.0,59.6,511,2026-07-02T13:00:19Z
235000111,Desert Star,82,18.63075,61.60862,11.4,326.0,136,2026-07-02T13:52:38Z
413000666,Red Sea Pearl,85,21.36462,54.67435,4.2,106.7,25,2026/07/02 13:56:20
355000555,Sea Pearl,36,22.09325,50.62652,19.5,19.3,94,02/07/2026 14:15:23
636000444,Gulf Breeze,79,17.25806,50.27971,19.7,89.7,153,2026/07/02 14:36:38
538000333,Pacific Explorer,60,26.60194,61.02076,11.4,237.9,204,02/07/2026 12:15:46
636000444,Gulf Breeze,79,24.53103,63.1312,9.0,137.6,511,02/07/2026 13:19:47
477123456,Sindbad,30,21.72647,62.63156,19.0,341.8,511,1782975913
355000555,Sea Pearl,36,14.50022,62.75162,16.2,336.0,511,1782978772
477000789,Blue Marlin,30,20.94242,56.78864,6.4,206.1,511,1782979533
477000789,Blue Marlin,30,24.6116,61.586,4.2,115.4,212,02/07/2026 14:17:31
477000789,Blue Marlin,30,17.78036,64.15249,18.2,20.0,30,02/07/2026 12:23:04
311000123,Al-Batha,81,21.41955,64.49559,17.5,78.0,334,2026-07-02T13:23:15Z
477000789,Blue Marlin,30,22.5496,58.35791,19.7,7.8,301,1782979376
311000456,Ocean Voyager,70,18.81532,60.81763,22.2,294.6,511,1782974046
413000666,Red Sea Pearl,85,22.71163,59.35915,4.0,298.5,163,2026/07/02 14:35:17
538000333,Pacific Explorer,60,25.72042,62.08289,12.1,91.6,348,2026-07-02T14:00:07Z
413000666,Red Sea Pearl,85,21.85159,50.8661,18.9,94.3,96,2026/07/02 14:30:07
636000444,Gulf Breeze,79,17.58409,57.87744,15.6,301.8,81,02/07/2026 13:51:07
636000444,Gulf Breeze,79,20.62248,56.09677,16.2,10.2,219,1782974187
477000789,Blue Marlin,30,15.74029,60.53149,13.5,158.4,177,02/07/2026 13:26:14
235000111,Desert Star,82,16.92247,51.73191,4.9,192.0,197,2026/07/02 12:14:52
538000333,Pacific Explorer,60,19.87477,56.48616,7.7,218.2,247,1782977525
235000111,Desert Star,82,17.86418,56.34689,13.7,97.7,71,2026/07/02 13:09:25
477000789,Blue Marlin,30,21.98032,62.33089,14.2,246.8,228,02/07/2026 14:20:05
538000333,Pacific Explorer,60,24.00143,60.84589,16.8,247.1,266,2026-07-02T14:01:53Z
355000555,Sea Pearl,36,39.69573,42.57252,7.3,74.2,228,2026-07-02T13:15:19Z
538000333,Pacific Explorer,60,18.99585,62.73232,7.3,6.2,352,2026-07-02T12:12:14Z
636000444,Gulf Breeze,79,14.74337,52.79333,7.7,28.2,89,2026/07/02 12:43:11
355000555,Sea Pearl,36,18.48898,62.59826,20.2,194.5,206,2026-07-02T14:26:52Z
538000333,Pacific Explorer,60,23.73319,55.14857,19.5,72.1,49,02/07/2026 13:43:05
477123456,Sindbad,30,15.96389,56.19823,21.0,255.4,187,1782980378
477123456,Sindbad,30,15.05125,59.99702,21.0,52.8,103,2026-07-02T14:20:56Z
311000123,Al-Batha,81,14.44478,64.58864,9.1,287.9,109,1782978573
538000333,Pacific Explorer,60,21.18808,59.73841,22.1,120.2,333,2026-07-02T13:41:39Z
235000111,Desert Star,82,12.58551,64.46923,15.2,88.1,21,02/07/2026 14:38:25
311000456,Ocean Voyager,70,26.09567,58.79565,8.5,325.4,194,2026-07-02T14:42:02Z
538000333,Pacific Explorer,60,26.14978,61.13318,24.9,238.9,104,2026-07-02T12:36:50Z
311000456,Ocean Voyager,70,14.26907,58.86663,12.1,169.2,95,2026-07-02T12:39:24Z
235000111,Desert Star,82,15.04416,57.9098,6.8,71.0,61,1782973905
477123456,Sindbad,30,17.05616,51.8348,9.6,271.4,315,02/07/2026 13:27:13
538000333,Pacific Explorer,60,12.89302,58.94354,23.4,64.4,235,02/07/2026 14:45:36
311000456,Ocean Voyager,70,13.06405,55.62707,2.8,351.9,224,2026-07-02T13:54:30Z
413000666,Red Sea Pearl,85,14.9086,58.56073,18.2,23.9,222,1782983015
311000123,Al-Batha,81,20.47275,53.36864,3.9,209.5,163,2026/07/02 13:42:15
413000666,Red Sea Pearl,85,12.4501,59.78546,9.6,105.8,111,02/07/2026 12:13:55
235000111,Desert Star,82,22.67851,52.6318,16.4,201.2,207,2026-07-02T12:14:58Z
235000111,Desert Star,82,19.29632,59.56524,4.2,97.1,82,1782979923
419000222,Indus Prince,74,16.48343,63.62941,10.9,38.8,169,2026/07/02 12:34:04
419000222,Indus Prince,74,23.00387,55.73711,17.6,301.1,511,02/07/2026 14:46:27
636000444,Gulf Breeze,79,27.45423,56.05465,22.1,299.7,322,1782978139
477000789,Blue Marlin,30,19.30327,54.64264,15.3,166.6,125,2026-07-02T13:11:50Z
311000123,Al-Batha,81,27.90398,55.96885,6.9,0.7,266,2026/07/02 12:51:00
235000111,Desert Star,82,16.98993,53.27609,9.2,248.1,218,2026/07/02 14:41:30
538000333,Pacific Explorer,60,19.26495,63.78891,5.0,312.4,511,2026/07/02 13:20:53
477123456,Sindbad,30,15.02235,57.54054,7.8,32.8,216,2026/07/02 13:25:54
419000222,Indus Prince,74,15.68302,63.3926,21.0,352.9,154,2026/07/02 13:34:46
538000333,Pacific Explorer,60,21.54033,53.04028,19.2,227.1,23,2026/07/02 14:24:30
419000222,Indus Prince,74,17.36796,57.72368,14.2,118.8,300,02/07/2026 13:25:24
235000111,Desert Star,82,19.42996,57.75665,19.8,313.1,511,02/07/2026 13:40:05
477000789,Blue Marlin,30,15.81051,57.55559,0.6,253.5,114,2026-07-02T13:43:08Z
413000666,Red Sea Pearl,85,15.59376,59.16208,22.4,150.1,96,1782980705
477123456,Sindbad,30,17.74177,62.01879,4.4,139.7,266,02/07/2026 13:42:39
636000444,Gulf Breeze,79,21.17541,60.34523,2.4,306.2,141,02/07/2026 13:38:35
477123456,Sindbad,30,23.15523,53.98844,3.8,49.5,350,1782975144
413000666,Red Sea Pearl,85,16.17818,63.59103,11.4,226.9,184,02/07/2026 14:15:11
477123456,Sindbad,30,19.38278,51.30228,22.5,114.9,115,2026/07/02 12:27:55
636000444,Gulf Breeze,79,22.27431,55.32007,21.2,166.5,254,02/07/2026 13:27:19
235000111,Desert Star,82,26.89035,64.51166,21.7,193.2,40,2026-07-02T13:23:24Z
477123456,Sindbad,30,20.38487,59.3657,14.4,198.9,160,2026-07-02T13:23:45Z
636000444,Gulf Breeze,79,15.84329,62.38744,13.4,84.5,126,02/07/2026 13:54:40
477000789,Blue Marlin,30,16.78207,64.49902,12.0,122.2,224,2026-07-02T13:08:33Z
636000444,Gulf Breeze,79,19.44563,61.17162,0.1,296.4,174,2026-07-02T14:22:27Z
538000333,Pacific Explorer,60,12.46915,56.72149,15.8,33.5,159,2026/07/02 12:44:21
355000555,Sea Pearl,36,22.19602,50.34603,0.3,14.8,287,02/07/2026 12:41:25
538000333,Pacific Explorer,60,27.17325,53.87133,15.8,273.7,337,02/07/2026 13:13:34
311000456,Ocean Voyager,70,12.08265,58.18786,20.9,106.2,162,1782980975
355000555,Sea Pearl,36,19.10298,60.26426,16.2,138.8,156,2026-07-02T12:53:45Z
235000111,Desert Star,82,18.92089,53.77042,20.2,219.1,62,2026/07/02 13:17:34
311000123,Al-Batha,81,14.9737,61.47914,13.5,253.1,172,02/07/2026 13:03:35
636000444,Gulf Breeze,79,17.22839,54.28919,23.6,98.8,90,2026/07/02 13:02:42
636000444,Gulf Breeze,79,17.07795,50.03077,20.3,250.6,212,1782983194
355000555,Sea Pearl,36,23.99547,62.0105,7.6,196.2,511,02/07/2026 12:21:24
477123456,Sindbad,30,17.71844,63.37726,18.3,87.6,22,2026/07/02 12:02:01
311000456,Ocean Voyager,70,26.04409,62.21128,18.9,243.6,12,1782975192
538000333,Pacific Explorer,60,31.63755,70.35126,17.7,25.4,12,02/07/2026 13:24:45
235000111,Desert Star,82,12.90201,62.00333,18.9,130.1,246,2026/07/02 13:56:07
355000555,Sea Pearl,36,21.41669,55.25972,8.9,43.6,511,1782975757
235000111,Desert Star,82,25.88193,61.23192,22.4,342.1,352,2026-07-02T12:19:15Z
477123456,Sindbad,30,24.26642,50.2507,0.3,201.5,284,2026-07-02T13:28:30Z
477123456,Sindbad,30,27.97769,50.3481,9.7,269.8,29,2026/07/02 13:53:41
235000111,Desert Star,82,12.34722,54.07879,15.4,238.8,173,1782978086
477123456,Sindbad,30,22.51431,53.8036,19.8,324.7,15,1782983773
355000555,Sea Pearl,36,22.65654,55.28677,11.3,12.8,9,2026/07/02 14:43:55
235000111,Desert Star,82,14.87129,54.38894,24.7,31.7,70,2026-07-02T14:44:57Z
419000222,Indus Prince,74,14.14746,64.54723,17.5,163.4,104,1782975885
477000789,Blue Marlin,30,13.67371,51.58106,22.1,244.2,281,1782977346
413000666,Red Sea Pearl,85,17.17384,56.38166,17.9,149.2,288,2026-07-02T13:36:57Z
311000456,Ocean Voyager,70,21.27686,60.23047,8.8,223.5,286,2026/07/02 12:04:26
419000222,Indus Prince,74,21.33335,58.20602,3.2,31.8,57,02/07/2026 13:21:21
538000333,Pacific Explorer,60,4.50022,47.23522,15.1,281.6,118,1782976406
311000456,Ocean Voyager,70,18.18916,51.1677,16.2,230.9,269,2026/07/02 12:14:05
413000666,Red Sea Pearl,85,27.69244,63.52901,9.1,65.7,289,1782983143
477123456,Sindbad,30,16.9889,55.53105,3.7,190.4,511,1782980375
477000789,Blue Marlin,30,22.91766,53.1,24.7,169.3,47,2026-07-02T14:29:39Z
235000111,Desert Star,82,20.50863,53.45368,3.2,136.3,62,02/07/2026 14:31:20
311000456,Ocean Voyager,70,22.98283,50.37029,22.2,4.1,326,2026-07-02T13:05:25Z
355000555,Sea Pearl,36,17.14654,61.01641,10.8,291.9,142,2026-07-02T14:39:44Z
311000123,Al-Batha,81,19.34421,63.26831,15.4,200.9,74,2026/07/02 13:04:05
311000123,Al-Batha,81,43.05225,72.1757,1.6,281.9,112,2026/07/02 14:16:53
311000123,Al-Batha,81,13.07228,59.79014,18.2,44.7,287,1782975915
419000222,Indus Prince,74,21.52668,50.60864,9.3,141.6,197,1782980331
235000111,Desert Star,82,23.8319,60.96187,1.6,216.2,289,1782983653
477123456,Sindbad,30,12.82499,61.31339,19.1,117.4,129,1782983363
413000666,Red Sea Pearl,85,13.33407,57.25099,14.0,15.9,266,02/07/2026 13:18:25
538000333,Pacific Explorer,60,12.68485,57.51706,4.8,324.9,82,2026/07/02 12:33:05
311000456,Ocean Voyager,70,27.86221,57.66443,16.6,247.8,245,02/07/2026 12:06:23
311000123,Al-Batha,81,26.16193,51.51068,13.6,340.9,511,2026-07-02T13:34:39Z
419000222,Indus Prince,74,22.43943,63.97011,9.8,183.5,239,2026-07-02T14:23:52Z
477123456,Sindbad,30,14.14712,54.26871,13.2,120.6,300,2026-07-02T13:17:25Z
235000111,Desert Star,82,24.25028,59.70483,8.4,170.5,511,1782980394
235000111,Desert Star,82,15.94535,53.11159,1.5,23.7,170,02/07/2026 14:09:50
419000222,Indus Prince,74,21.08014,58.90246,19.0,209.5,278,1782981889
235000111,Desert Star,82,25.71958,57.20048,13.3,258.2,96,02/07/2026 13:58:41
419000222,Indus Prince,74,16.50911,58.62561,24.6,147.4,104,02/07/2026 12:56:20
235000111,Desert Star,82,19.98689,64.97033,4.8,265.9,335,02/07/2026 14:00:26
636000444,Gulf Breeze,79,16.09239,55.55282,1.4,240.3,350,2026/07/02 14:30:53
419000222,Indus Prince,74,15.04985,54.13989,6.6,44.9,235,2026/07/02 13:44:07
419000222,Indus Prince,74,27.13493,63.67124,11.3,57.0,511,1782980965
538000333,Pacific Explorer,60,12.67571,50.35037,6.7,194.7,511,02/07/2026 13:21:55
235000111,Desert Star,82,12.94336,53.05877,18.3,139.7,43,1782973803
477123456,Sindbad,30,16.27319,53.01618,24.9,243.8,70,2026/07/02 13:25:43
419000222,Indus Prince,74,22.58314,62.6884,0.1,130.6,90,02/07/2026 12:50:21
538000333,Pacific Explorer,60,14.33869,57.24817,24.6,118.4,85,2026-07-02T12:52:04Z
477000789,Blue Marlin,30,13.67371,51.58106,22.1,244.2,281,1782977346
311000456,Ocean Voyager,70,15.85577,53.21648,8.8,338.3,150,2026-07-02T12:18:31Z
413000666,Red Sea Pearl,85,13.92146,58.05401,18.0,274.2,8,2026/07/02 14:20:40
311000123,Al-Batha,81,21.32415,61.78156,19.4,28.2,249,1782982640
311000456,Ocean Voyager,70,12.66213,54.4067,3.4,204.8,35,2026/07/02 12:49:39
636000444,Gulf Breeze,79,22.69105,64.99063,2.0,225.0,106,2026/07/02 12:29:53
311000456,Ocean Voyager,70,13.83916,63.9765,8.7,240.0,511,2026/07/02 12:07:16
477123456,Sindbad,30,17.25695,64.28559,24.3,285.7,262,2026-07-02T12:36:10Z
355000555,Sea Pearl,36,21.59303,58.68224,6.1,304.0,511,2026-07-02T13:26:41Z
477000789,Blue Marlin,30,22.71048,50.74878,22.0,358.4,258,2026/07/02 13:52:48
311000456,Ocean Voyager,70,15.05148,64.23162,19.5,24.0,105,1782974030
477123456,Sindbad,30,24.90481,64.10465,23.9,346.4,218,02/07/2026 12:10:35
311000123,Al-Batha,81,25.81551,58.69295,21.9,97.7,153,2026-07-02T13:28:41Z
477000789,Blue Marlin,30,27.84144,53.1251,17.6,330.8,326,1782980850
311000456,Ocean Voyager,70,26.19503,62.00266,11.6,15.3,164,2026-07-02T14:34:48Z
311000123,Al-Batha,81,19.23383,55.79382,17.5,328.0,169,02/07/2026 12:31:05
311000123,Al-Batha,81,17.55305,63.87825,10.9,149.7,261,1782976711
311000123,Al-Batha,81,21.46124,54.23794,4.5,338.7,316,2026-07-02T13:29:46Z
235000111,Desert Star,82,24.15334,63.67564,2.9,124.4,355,2026/07/02 13:00:45
419000222,Indus Prince,74,14.51866,59.40139,19.0,200.1,57,2026-07-02T13:07:23Z
477123456,Sindbad,30,12.53836,58.24861,21.9,106.7,80,02/07/2026 14:26:59
235000111,Desert Star,82,13.854,52.2408,14.8,69.6,35,2026/07/02 14:10:56
355000555,Sea Pearl,36,26.62694,63.54501,13.9,248.7,138,2026/07/02 12:41:16
355000555,Sea Pearl,36,27.71121,56.57171,24.7,95.1,187,02/07/2026 13:55:29
355000555,Sea Pearl,36,21.0754,58.85931,22.2,294.0,62,02/07/2026 13:12:05
413000666,Red Sea Pearl,85,13.3248,58.83067,21.9,90.3,106,2026-07-02T12:25:37Z
477123456,Sindbad,30,15.83285,61.15319,15.2,312.5,200,2026-07-02T14:34:58Z
311000456,Ocean Voyager,70,13.26431,63.08201,1.9,319.1,356,02/07/2026 12:22:14
413000666,Red Sea Pearl,85,14.37438,60.84088,3.8,87.4,283,1782983323
235000111,Desert Star,82,15.90408,56.77176,1.4,259.4,511,1782976935
355000555,Sea Pearl,36,12.73822,60.64009,12.4,225.2,241,2026-07-02T14:18:58Z
355000555,Sea Pearl,36,16.51302,60.81033,19.3,237.7,177,1782975933
419000222,Indus Prince,74,15.80916,55.39106,8.6,227.1,339,2026-07-02T13:58:51Z
538000333,Pacific Explorer,60,15.38359,64.70571,17.6,268.2,93,2026-07-02T14:37:18Z
311000123,Al-Batha,81,14.51811,57.67058,15.4,161.3,511,1782983600
636000444,Gulf Breeze,79,15.05196,58.32892,18.3,306.5,345,2026/07/02 13:51:55
419000222,Indus Prince,74,26.83017,63.00461,22.2,135.8,511,1782975365
311000456,Ocean Voyager,70,16.22937,55.88389,0.5,349.8,244,02/07/2026 12:03:34
419000222,Indus Prince,74,15.89358,61.96443,20.5,175.7,156,2026/07/02 12:54:34
413000666,Red Sea Pearl,85,26.72844,63.35995,23.0,43.7,147,02/07/2026 14:06:15
419000222,Indus Prince,74,22.20058,59.87656,5.0,282.8,187,1782983112
235000111,Desert Star,82,17.43932,51.34196,9.4,260.4,511,1782974437
419000222,Indus Prince,74,14.66393,56.79325,7.7,86.0,225,02/07/2026 13:30:25
355000555,Sea Pearl,36,18.91,61.91609,13.1,290.8,103,1782980215
636000444,Gulf Breeze,79,15.86185,54.02202,14.3,88.9,315,1782981435
355000555,Sea Pearl,36,13.90601,56.2901,20.4,20.0,291,2026-07-02T12:27:28Z
355000555,Sea Pearl,36,13.25516,54.94568,10.5,156.9,194,2026/07/02 13:33:24
538000333,Pacific Explorer,60,19.52091,60.92948,8.4,118.9,266,02/07/2026 14:05:35
235000111,Desert Star,82,25.92609,61.02368,19.4,242.1,185,2026/07/02 12:14:12
235000111,Desert Star,82,14.06394,62.00916,23.9,100.4,511,2026-07-02T14:42:42Z
636000444,Gulf Breeze,79,15.86185,54.02202,14.3,88.9,315,1782981435
477123456,Sindbad,30,5.00091,46.59501,13.7,338.7,511,2026-07-02T14:25:50Z
419000222,Indus Prince,74,13.90324,54.84309,5.4,263.6,21,02/07/2026 12:05:45
477000789,Blue Marlin,30,26.35439,57.43397,14.0,343.0,257,02/07/2026 12:54:03
538000333,Pacific Explorer,60,18.75317,64.79759,13.3,238.8,70,2026-07-02T14:23:32Z
477000789,Blue Marlin,30,15.33378,63.10768,2.6,11.2,234,2026/07/02 13:06:13
419000222,Indus Prince,74,24.76529,61.25126,3.8,99.1,274,2026/07/02 14:18:19
413000666,Red Sea Pearl,85,26.81176,55.30468,6.2,99.2,142,02/07/2026 14:29:05
636000444,Gulf Breeze,79,12.15368,55.65182,15.7,84.5,218,02/07/2026 14:26:44
477000789,Blue Marlin,30,26.27443,53.42683,21.7,185.5,77,2026/07/02 13:12:55
477000789,Blue Marlin,30,23.57036,50.3583,13.4,190.2,295,02/07/2026 13:43:50
477000789,Blue Marlin,30,22.63449,57.15945,10.1,221.8,75,2026/07/02 12:02:21
355000555,Sea Pearl,36,18.55297,58.72429,21.7,265.1,339,1782982725
477000789,Blue Marlin,30,16.51229,52.00471,4.5,51.0,221,2026/07/02 13:35:50
311000456,Ocean Voyager,70,41.50465,67.12343,7.5,322.1,166,1782983049
477123456,Sindbad,30,25.64361,61.82277,14.2,318.6,159,2026-07-02T13:49:05Z
311000123,Al-Batha,81,19.10663,62.70408,20.5,145.1,511,2026/07/02 12:40:06
477000789,Blue Marlin,30,27.8418,52.94527,3.2,88.4,131,1782975328
311000123,Al-Batha,81,21.32415,61.78156,19.4,28.2,249,1782982640
636000444,Gulf Breeze,79,23.27822,53.83235,20.5,2.9,252,02/07/2026 13:04:17
636000444,Gulf Breeze,79,12.84365,51.36213,24.7,13.1,122,1782982959
355000555,Sea Pearl,36,27.59101,55.72767,21.7,234.4,70,1782981584
413000666,Red Sea Pearl,85,25.14154,58.65581,4.4,147.3,41,2026-07-02T14:27:09Z
477123456,Sindbad,30,26.82191,58.47036,14.3,63.2,511,2026/07/02 14:22:53
311000123,Al-Batha,81,19.21292,61.52604,20.3,124.1,152,2026/07/02 13:52:25
311000456,Ocean Voyager,70,13.76821,52.37479,13.5,85.0,295,02/07/2026 12:45:27
355000555,Sea Pearl,36,34.85349,70.47115,24.6,34.0,511,1782977675
355000555,Sea Pearl,36,26.32153,57.70355,5.7,344.3,94,1782974899
477123456,Sindbad,30,16.74646,57.70192,1.5,303.6,202,2026/07/02 12:55:42
235000111,Desert Star,82,13.77994,54.05376,14.3,310.6,289,2026/07/02 12:54:19
538000333,Pacific Explorer,60,27.31393,53.58918,5.2,103.7,52,2026/07/02 13:52:25
235000111,Desert Star,82,18.26188,57.29522,23.5,35.5,278,02/07/2026 12:50:13
419000222,Indus Prince,74,19.79173,50.46923,14.1,16.2,286,1782975276
413000666,Red Sea Pearl,85,19.67137,57.16791,20.2,72.1,121,2026/07/02 12:29:10
311000123,Al-Batha,81,25.97551,59.78864,3.9,62.8,141,1782980396
419000222,Indus Prince,74,22.30226,51.70382,21.4,192.7,300,02/07/2026 12:53:49
311000456,Ocean Voyager,70,22.02334,50.51775,7.1,335.2,118,2026/07/02 12:19:04
355000555,Sea Pearl,36,5.7314,40.64293,8.6,152.5,174,2026-07-02T13:58:32Z
636000444,Gulf Breeze,79,23.78469,60.36582,19.3,105.3,29,2026/07/02 12:37:42
311000123,Al-Batha,81,25.19006,58.63327,15.8,286.7,61,02/07/2026 14:42:22
311000123,Al-Batha,81,13.12958,64.71804,22.3,229.7,136,1782979059
311000456,Ocean Voyager,70,24.95232,51.0203,18.5,13.1,78,02/07/2026 13:11:05
413000666,Red Sea Pearl,85,13.11468,51.10649,3.5,95.5,165,2026-07-02T12:42:58Z
636000444,Gulf Breeze,79,15.99935,63.45177,22.1,256.6,36,2026/07/02 13:09:15
311000123,Al-Batha,81,25.21756,62.05796,23.5,94.7,110,02/07/2026 12:50:49
636000444,Gulf Breeze,79,16.66079,63.70956,22.5,46.0,173,2026/07/02 13:22:23
477000789,Blue Marlin,30,26.91167,57.01851,25.0,154.3,230,2026-07-02T12:25:00Z
538000333,Pacific Explorer,60,14.02256,51.28288,6.8,7.4,511,2026-07-02T13:13:08Z
311000123,Al-Batha,81,17.30694,55.18478,11.9,69.2,190,02/07/2026 13:36:42
477000789,Blue Marlin,30,21.09381,59.09746,16.6,273.6,143,2026/07/02 13:53:32
311000456,Ocean Voyager,70,0.3684,40.86182,1.0,277.5,7,2026/07/02 14:16:39
355000555,Sea Pearl,36,22.34608,53.78936,20.5,203.9,223,02/07/2026 12:08:55
235000111,Desert Star,82,19.23799,54.92645,15.6,50.7,278,1782981989
413000666,Red Sea Pearl,85,21.06622,55.18133,8.0,212.0,2,2026/07/02 14:18:33
538000333,Pacific Explorer,60,20.58585,51.21023,8.2,194.2,157,02/07/2026 13:44:47
419000222,Indus Prince,74,21.72697,52.93747,24.6,140.8,181,1782976634
355000555,Sea Pearl,36,22.14648,62.79587,17.1,27.0,179,02/07/2026 12:20:52
477123456,Sindbad,30,21.28796,59.20417,6.5,308.5,14,1782980638
419000222,Indus Prince,74,12.07343,63.51821,16.4,51.9,211,2026-07-02T12:28:35Z
636000444,Gulf Breeze,79,23.34854,60.22332,10.7,191.8,43,2026-07-02T14:21:43Z
355000555,Sea Pearl,36,23.16287,64.33679,20.4,289.3,217,2026/07/02 14:05:15
477000789,Blue Marlin,30,21.74362,55.3621,9.5,190.0,84,02/07/2026 13:43:31
538000333,Pacific Explorer,60,19.10155,61.05826,12.1,65.1,47,2026-07-02T12:57:31Z
477000789,Blue Marlin,30,13.84178,53.16495,17.7,162.6,125,02/07/2026 14:16:59
477000789,Blue Marlin,30,14.51869,60.68816,16.0,158.5,300,2026/07/02 14:22:37
413000666,Red Sea Pearl,85,25.15183,60.1781,22.2,140.5,278,2026-07-02T13:25:26Z
311000123,Al-Batha,81,17.30126,61.39484,7.9,50.0,117,2026/07/02 13:32:39
413000666,Red Sea Pearl,85,22.32041,54.12176,1.4,93.7,139,1782981370
419000222,Indus Prince,74,18.60196,61.87546,2.0,295.8,25,2026/07/02 12:45:15
419000222,Indus Prince,74,27.93688,62.75276,4.8,209.0,43,1782974847
477000789,Blue Marlin,30,18.41997,55.31732,0.3,194.9,267,2026/07/02 12:16:16
235000111,Desert Star,82,14.6911,61.24569,22.8,284.4,274,02/07/2026 12:23:52
477000789,Blue Marlin,30,16.65108,59.99306,24.7,222.3,333,2026-07-02T12:08:12Z
311000123,Al-Batha,81,14.51911,57.67058,15.4,161.3,511,1782983600
538000333,Pacific Explorer,60,21.08557,60.94853,15.6,188.5,221,2026-07-02T14:11:45Z
477123456,Sindbad,30,26.69108,51.84429,17.6,137.9,326,1782976318
311000123,Al-Batha,81,12.67484,56.53723,20.4,86.8,102,1782978025
419000222,Indus Prince,74,16.39132,60.39763,23.9,116.5,139,2026/07/02 14:24:43
477000789,Blue Marlin,30,26.77605,57.57094,4.2,268.0,70,2026/07/02 12:44:26
477123456,Sindbad,30,25.64767,52.96742,15.2,107.2,511,2026/07/02 13:15:06
636000444,Gulf Breeze,79,18.86199,55.98453,16.6,184.1,115,1782975390
477000789,Blue Marlin,30,26.91087,57.97468,14.4,50.7,511,2026/07/02 14:10:11
355000555,Sea Pearl,36,16.27025,50.46427,9.3,171.5,250,02/07/2026 13:05:04
311000123,Al-Batha,81,14.84917,51.84903,20.2,222.1,304,2026/07/02 12:19:41
355000555,Sea Pearl,36,12.61895,52.89482,15.9,142.7,115,02/07/2026 12:34:41
419000222,Indus Prince,74,25.58586,64.80124,16.9,14.5,84,2026/07/02 13:16:15
413000666,Red Sea Pearl,85,22.21944,64.37105,17.5,351.3,511,02/07/2026 14:37:54
636000444,Gulf Breeze,79,12.36554,64.23073,11.3,303.6,131,1782981102
538000333,Pacific Explorer,60,23.41942,56.08062,4.0,214.8,311,2026/07/02 12:01:31
477000789,Blue Marlin,30,21.74527,56.49578,16.6,290.5,24,02/07/2026 12:48:52
419000222,Indus Prince,74,26.92038,52.67995,4.3,53.9,253,2026/07/02 13:14:19
636000444,Gulf Breeze,79,27.409,62.59527,14.7,259.6,306,2026-07-02T12:51:15Z
355000555,Sea Pearl,36,24.16401,53.37467,7.1,232.4,149,2026/07/02 12:15:14
311000456,Ocean Voyager,70,24.20905,50.63669,11.9,125.9,112,2026/07/02 12:22:36
413000666,Red Sea Pearl,85,25.44467,52.26988,7.1,121.5,65,2026-07-02T14:32:09Z
477123456,Sindbad,30,15.7505,64.46326,20.3,324.8,199,2026/07/02 12:35:00
477000789,Blue Marlin,30,21.44677,60.652,4.8,95.5,78,2026-07-02T12:40:23Z
419000222,Indus Prince,74,17.5825,57.82935,22.9,331.5,279,1782979073
413000666,Red Sea Pearl,85,27.21506,62.4102,13.8,340.5,144,2026/07/02 12:30:36
419000222,Indus Prince,74,18.51754,55.50021,10.4,258.1,217,2026-07-02T12:20:03Z
477000789,Blue Marlin,30,13.73976,56.52895,14.0,149.6,176,02/07/2026 12:02:58
413000666,Red Sea Pearl,85,19.88866,58.92096,9.3,251.0,63,2026/07/02 13:37:11
419000222,Indus Prince,74,15.25793,57.63397,23.2,73.7,54,2026/07/02 14:14:01
477123456,Sindbad,30,18.81009,62.38996,21.7,114.3,346,2026-07-02T13:05:14Z
311000456,Ocean Voyager,70,19.19989,58.52052,23.2,127.0,511,2026/07/02 12:31:18
477123456,Sindbad,30,22.02092,52.72677,6.6,31.3,21,02/07/2026 12:12:21
355000555,Sea Pearl,36,16.50208,61.90399,6.8,29.8,344,1782974317
477123456,Sindbad,30,16.08552,51.07625,8.3,338.4,356,1782979890
477123456,Sindbad,30,23.12767,61.11481,8.5,343.7,223,02/07/2026 13:34:04
311000456,Ocean Voyager,70,12.79946,51.24104,13.7,70.6,129,2026/07/02 12:49:02
419000222,Indus Prince,74,24.38655,53.93951,3.8,197.9,347,2026/07/02 13:58:04
477123456,Sindbad,30,14.32279,50.70559,3.7,77.8,76,02/07/2026 12:31:31
311000456,Ocean Voyager,70,24.47911,53.38958,13.4,264.1,171,2026-07-02T12:35:45Z
538000333,Pacific Explorer,60,18.60313,52.33201,7.0,171.0,124,2026-07-02T14:24:02Z
413000666,Red Sea Pearl,85,14.80608,59.46331,19.8,35.3,194,1782983584
235000111,Desert Star,82,14.97822,53.23648,18.5,169.3,56,02/07/2026 14:18:14
355000555,Sea Pearl,36,27.61602,64.68584,21.4,238.8,16,02/07/2026 14:40:36
477000789,Blue Marlin,30,21.96665,62.84686,8.0,83.9,3,2026-07-02T13:17:46Z
311000123,Al-Batha,81,12.98076,60.87747,1.4,7.4,348,02/07/2026 14:05:00
311000456,Ocean Voyager,70,21.89066,55.6215,24.6,168.5,177,2026/07/02 14:45:52
477000789,Blue Marlin,30,12.1699,50.78591,18.1,265.7,287,02/07/2026 12:57:51
311000123,Al-Batha,81,14.55197,58.54075,23.3,144.0,8,1782978076
477123456,Sindbad,30,13.13312,64.36678,19.6,135.6,511,2026-07-02T12:01:15Z
538000333,Pacific Explorer,60,20.32815,55.99623,9.0,178.5,317,2026/07/02 12:03:05
311000123,Al-Batha,81,18.69279,58.71438,10.2,119.3,101,2026-07-02T12:27:24Z
477123456,Sindbad,30,26.1901,60.68709,15.7,289.6,120,2026-07-02T14:34:38Z
477000789,Blue Marlin,30,12.88556,59.76264,4.6,68.0,126,2026/07/02 13:40:14
419000222,Indus Prince,74,26.9918,61.5763,7.6,15.0,48,2026/07/02 12:19:07
636000444,Gulf Breeze,79,17.53984,63.86289,23.5,121.3,511,02/07/2026 13:51:35
419000222,Indus Prince,74,26.58928,61.3348,14.1,310.8,511,2026-07-02T13:46:03Z
636000444,Gulf Breeze,79,25.14916,50.93934,6.0,17.8,244,2026-07-02T14:06:25Z
235000111,Desert Star,82,25.75841,50.91758,4.5,165.2,153,1782980844
235000111,Desert Star,82,20.59887,52.53636,23.1,218.0,286,2026-07-02T12:12:35Z
413000666,Red Sea Pearl,85,25.08352,54.58153,3.6,270.0,41,2026-07-02T14:33:41Z
235000111,Desert Star,82,12.7514,64.82595,5.8,261.3,236,2026-07-02T12:27:56Z
413000666,Red Sea Pearl,85,25.16475,56.68324,18.4,28.6,53,2026/07/02 14:17:13
636000444,Gulf Breeze,79,19.03543,59.34302,13.5,169.9,246,1782982871
419000222,Indus Prince,74,3.91991,76.38031,6.4,244.9,45,2026/07/02 14:34:35
477000789,Blue Marlin,30,21.09515,51.86725,4.9,338.3,52,1782980296
419000222,Indus Prince,74,14.74506,62.32754,1.6,338.0,133,2026-07-02T12:24:16Z
413000666,Red Sea Pearl,85,19.48917,64.37616,24.7,168.6,199,2026-07-02T12:25:11Z
235000111,Desert Star,82,13.10561,59.96582,14.8,89.4,198,2026/07/02 13:49:20
477123456,Sindbad,30,21.53645,60.04308,21.2,102.4,199,2026-07-02T14:02:36Z
477000789,Blue Marlin,30,20.49545,64.59666,10.5,248.6,319,2026/07/02 13:47:28
311000123,Al-Batha,81,22.48036,54.73927,16.3,94.2,31,2026-07-02T12:52:59Z
477000789,Blue Marlin,30,25.99254,55.36739,11.4,284.6,26,2026-07-02T13:57:04Z
311000123,Al-Batha,81,23.36056,59.89331,5.3,217.2,47,2026-07-02T14:15:40Z
477000789,Blue Marlin,30,23.16054,63.70805,21.7,162.1,190,1782978418
413000666,Red Sea Pearl,85,30.45441,35.92775,3.1,261.8,165,02/07/2026 14:13:07
355000555,Sea Pearl,36,27.97347,58.36662,10.3,268.9,251,02/07/2026 12:41:04
311000456,Ocean Voyager,70,13.21632,61.95958,10.5,348.0,34,02/07/2026 12:46:15
538000333,Pacific Explorer,60,26.71391,50.16635,4.8,41.7,172,2026/07/02 14:08:53
355000555,Sea Pearl,36,19.69964,53.02722,23.5,289.7,283,02/07/2026 13:21:05
311000123,Al-Batha,81,27.85336,64.08786,6.0,151.8,223,02/07/2026 12:26:20
419000222,Indus Prince,74,25.22913,52.06231,13.5,174.8,302,1782976643
311000456,Ocean Voyager,70,20.55257,51.80129,20.9,11.6,28,2026-07-02T12:17:16Z
311000456,Ocean Voyager,70,21.24818,58.01465,16.7,183.5,314,02/07/2026 12:23:26
413000666,Red Sea Pearl,85,22.10099,57.36482,17.3,267.1,172,02/07/2026 14:11:59
419000222,Indus Prince,74,24.41918,63.00333,7.1,100.0,258,2026-07-02T12:21:14Z
235000111,Desert Star,82,24.15434,63.67564,2.9,124.4,355,2026/07/02 13:00:45
413000666,Red Sea Pearl,85,18.52465,52.59268,2.6,214.6,173,2026-07-02T12:59:25Z
413000666,Red Sea Pearl,85,25.1184,59.18685,1.5,118.5,357,1782983215
235000111,Desert Star,82,24.33055,57.08709,15.1,346.0,273,1782976239
413000666,Red Sea Pearl,85,27.23681,64.70442,9.4,291.3,69,2026/07/02 13:28:12
311000123,Al-Batha,81,15.63877,50.3887,5.4,303.7,33,2026-07-02T12:58:44Z
355000555,Sea Pearl,36,25.10941,59.04626,19.3,136.8,335,1782974717
355000555,Sea Pearl,36,19.61546,62.70274,23.1,29.0,10,02/07/2026 14:04:27
413000666,Red Sea Pearl,85,12.56647,58.58401,15.6,226.8,160,2026/07/02 13:36:08
636000444,Gulf Breeze,79,27.69236,50.95887,6.7,16.7,55,2026-07-02T14:31:36Z
413000666,Red Sea Pearl,85,22.32141,54.12176,1.4,93.7,139,1782981370
538000333,Pacific Explorer,60,14.58168,56.79549,21.3,55.4,118,2026/07/02 12:08:35
311000123,Al-Batha,81,20.31287,60.66792,8.4,12.7,171,02/07/2026 13:05:52
355000555,Sea Pearl,36,23.74578,51.30669,5.2,179.8,322,2026/07/02 14:36:47
636000444,Gulf Breeze,79,20.2375,63.77776,5.5,16.9,215,1782974612
311000123,Al-Batha,81,31.01149,73.74633,22.7,56.6,46,1782981547
477123456,Sindbad,30,19.97923,64.62366,22.2,255.6,23,2026-07-02T13:25:14Z
413000666,Red Sea Pearl,85,16.68953,64.14656,12.4,27.2,124,1782975417
311000456,Ocean Voyager,70,14.4914,53.05349,3.9,7.0,332,02/07/2026 12:48:06
413000666,Red Sea Pearl,85,13.62849,62.61696,15.6,237.9,163,2026-07-02T12:25:22Z
235000111,Desert Star,82,18.44534,56.84345,21.3,117.5,223,2026/07/02 12:09:58
355000555,Sea Pearl,36,20.27106,57.92837,3.0,232.3,36,1782978863
311000456,Ocean Voyager,70,25.50311,54.77031,1.1,43.5,182,1782979335
636000444,Gulf Breeze,79,17.76389,54.41488,19.1,173.9,119,2026/07/02 14:30:45
477123456,Sindbad,30,27.67264,54.65038,22.7,152.0,511,02/07/2026 12:05:35
636000444,Gulf Breeze,79,15.29165,58.40437,15.1,87.6,286,1782981355
311000123,Al-Batha,81,20.35893,55.92506,6.0,266.7,99,02/07/2026 13:35:37
636000444,Gulf Breeze,79,18.55259,51.84192,12.8,83.2,3,1782980465
235000111,Desert Star,82,14.55827,52.79632,1.0,184.8,511,02/07/2026 14:14:18
355000555,Sea Pearl,36,0.68555,41.66499,12.1,158.0,249,02/07/2026 14:09:19
235000111,Desert Star,82,22.64006,56.97287,1.1,20.1,330,2026-07-02T13:45:21Z
538000333,Pacific Explorer,60,44.29438,43.44861,13.4,179.6,27,02/07/2026 13:29:21
477000789,Blue Marlin,30,12.93554,57.2731,18.1,232.6,182,1782979883
311000123,Al-Batha,81,15.97534,56.60667,9.7,142.4,336,2026/07/02 14:39:56
413000666,Red Sea Pearl,85,12.03891,62.04232,21.6,354.8,90,2026-07-02T13:44:24Z
477000789,Blue Marlin,30,25.30738,50.55796,1.2,281.7,278,2026-07-02T13:34:16Z
477123456,Sindbad,30,12.73137,62.49466,0.7,313.2,130,02/07/2026 14:45:09
419000222,Indus Prince,74,19.77467,52.02269,0.6,137.5,32,02/07/2026 14:03:14
419000222,Indus Prince,74,18.03589,55.85972,21.8,264.5,511,02/07/2026 14:20:30
355000555,Sea Pearl,36,15.2199,54.78525,11.4,99.6,193,2026/07/02 13:36:02
311000456,Ocean Voyager,70,14.48508,61.60994,13.9,95.3,146,02/07/2026 12:43:39
355000555,Sea Pearl,36,27.70052,60.40592,11.0,168.2,114,1782977414
477000789,Blue Marlin,30,20.76574,55.71188,0.9,285.0,158,2026-07-02T13:37:35Z
311000123,Al-Batha,81,23.55032,51.93847,19.7,307.4,511,1782975007
413000666,Red Sea Pearl,85,13.92312,63.2643,12.6,181.8,284,2026/07/02 13:06:23
413000666,Red Sea Pearl,85,14.89598,62.93918,14.7,277.5,284,2026-07-02T13:03:00Z
636000444,Gulf Breeze,79,27.7872,60.08341,7.1,309.3,316,1782976520
477000789,Blue Marlin,30,18.9665,64.95454,20.3,353.5,511,02/07/2026 13:40:27
477123456,Sindbad,30,20.88277,59.58735,6.8,242.0,305,2026-07-02T13:30:35Z
477000789,Blue Marlin,30,21.1949,57.25479,21.4,138.8,330,2026-07-02T14:33:08Z
355000555,Sea Pearl,36,17.03972,64.74945,22.1,283.6,279,2026-07-02T14:08:55Z
538000333,Pacific Explorer,60,21.64453,55.07766,23.5,289.0,268,2026/07/02 14:25:11
235000111,Desert Star,82,25.54138,63.4386,20.5,324.0,138,1782976371
311000123,Al-Batha,81,34.76598,77.18373,13.7,224.4,286,1782980488
477000789,Blue Marlin,30,12.97321,53.84396,17.0,357.8,261,02/07/2026 12:00:32
477000789,Blue Marlin,30,15.27229,59.15703,8.4,150.5,91,02/07/2026 14:19:54
477123456,Sindbad,30,12.0935,50.8217,11.0,216.5,511,2026/07/02 12:23:39
311000456,Ocean Voyager,70,13.42437,64.35497,9.5,57.9,52,1782975835
477000789,Blue Marlin,30,18.89623,56.71407,1.9,114.1,294,2026-07-02T14:39:25Z
477123456,Sindbad,30,22.05535,53.96619,17.1,294.2,130,2026-07-02T14:28:49Z
311000456,Ocean Voyager,70,16.89993,55.35483,24.1,275.0,311,2026/07/02 12:49:09
636000444,Gulf Breeze,79,17.84995,55.12016,20.6,251.2,340,1782975997
538000333,Pacific Explorer,60,18.80427,50.33115,8.6,178.2,8,2026-07-02T13:57:08Z
477123456,Sindbad,30,21.54989,64.87784,18.0,201.1,230,1782979733
235000111,Desert Star,82,20.18477,54.17892,0.6,233.1,3,02/07/2026 14:13:26
311000456,Ocean Voyager,70,25.05333,52.56401,18.8,354.0,250,02/07/2026 12:21:35
413000666,Red Sea Pearl,85,20.30733,61.92544,13.7,149.8,211,2026-07-02T13:31:44Z
235000111,Desert Star,82,24.25028,59.70483,8.4,170.5,511,1782980394
538000333,Pacific Explorer,60,43.00148,46.3968,8.3,159.2,161,02/07/2026 14:27:25
477123456,Sindbad,30,13.87132,59.60167,1.0,290.8,327,2026-07-02T12:11:25Z
477000789,Blue Marlin,30,26.57788,55.26829,12.6,123.1,139,2026-07-02T12:50:30Z
419000222,Indus Prince,74,16.60715,64.90048,14.5,81.7,511,1782978780
477000789,Blue Marlin,30,23.63233,50.05562,8.3,301.1,96,02/07/2026 12:58:13
311000123,Al-Batha,81,38.86636,67.72618,18.6,337.8,283,1782974410
477123456,Sindbad,30,16.6194,50.89134,3.2,92.8,32,2026/07/02 14:03:01
538000333,Pacific Explorer,60,16.06979,55.0533,10.2,224.4,227,1782978036
311000456,Ocean Voyager,70,8.41087,40.96422,3.7,244.7,157,2026/07/02 14:10:18
413000666,Red Sea Pearl,85,18.18562,54.25873,12.0,180.6,21,2026-07-02T13:14:11Z
355000555,Sea Pearl,36,21.00882,63.27168,6.5,32.0,215,1782975235
311000456,Ocean Voyager,70,16.02729,62.00816,11.5,285.3,168,2026/07/02 13:17:36
477123456,Sindbad,30,14.42862,59.78328,4.0,11.3,511,02/07/2026 13:13:53
311000456,Ocean Voyager,70,18.06903,64.12548,4.2,280.9,293,2026/07/02 13:25:00
311000123,Al-Batha,81,25.49392,52.68592,12.2,184.9,164,2026/07/02 12:17:44
311000123,Al-Batha,81,21.19467,57.6016,23.1,62.2,201,1782978554
413000666,Red Sea Pearl,85,24.08945,62.15779,19.4,231.2,246,02/07/2026 14:12:42
419000222,Indus Prince,74,24.57916,60.39826,20.8,216.4,183,2026/07/02 13:37:59
355000555,Sea Pearl,36,18.63935,58.70666,17.1,165.7,344,02/07/2026 12:38:14
235000111,Desert Star,82,25.09309,55.92613,11.3,28.5,342,1782982792
538000333,Pacific Explorer,60,23.43973,56.00256,1.4,290.0,203,2026-07-02T13:15:01Z
538000333,Pacific Explorer,60,14.81927,64.91438,21.7,16.0,235,2026-07-02T14:28:02Z
419000222,Indus Prince,74,16.08101,57.104,14.7,184.0,87,2026-07-02T14:08:41Z
477000789,Blue Marlin,30,23.456,61.35604,12.2,242.0,273,2026-07-02T13:19:59Z
636000444,Gulf Breeze,79,24.27228,55.97155,18.1,16.4,316,2026/07/02 12:29:55
477123456,Sindbad,30,26.43986,50.73725,22.4,182.1,511,2026-07-02T12:42:10Z
355000555,Sea Pearl,36,14.14759,64.75209,18.6,106.3,511,2026-07-02T13:30:23Z
636000444,Gulf Breeze,79,27.54232,58.12616,19.3,328.5,18,2026/07/02 13:18:53
311000123,Al-Batha,81,13.90326,61.86646,24.8,41.2,511,1782978409
311000123,Al-Batha,81,14.80889,59.41084,19.6,166.7,358,2026/07/02 14:44:36
538000333,Pacific Explorer,60,21.20438,58.16205,12.8,273.8,244,02/07/2026 14:04:20
477123456,Sindbad,30,22.15699,54.70551,2.8,59.6,328,2026-07-02T14:25:22Z
419000222,Indus Prince,74,23.14165,55.36037,9.6,270.1,316,1782977285
538000333,Pacific Explorer,60,27.5286,51.40786,9.3,262.0,24,1782976116
413000666,Red Sea Pearl,85,23.72551,54.26794,24.1,294.4,212,02/07/2026 12:37:31
477123456,Sindbad,30,12.80818,57.97075,16.2,298.0,44,2026-07-02T12:41:37Z
477000789,Blue Marlin,30,38.88001,75.66974,20.4,10.0,74,2026-07-02T13:56:31Z
311000456,Ocean Voyager,70,9.77696,37.45797,1.3,300.2,207,2026-07-02T12:21:31Z
419000222,Indus Prince,74,20.97364,54.96429,14.0,334.8,307,2026-07-02T13:13:40Z
477000789,Blue Marlin,30,17.70913,62.02862,6.8,352.8,238,1782981171
355000555,Sea Pearl,36,13.05755,55.32268,3.7,18.1,71,2026-07-02T12:07:09Z
413000666,Red Sea Pearl,85,19.70533,53.13147,20.2,165.6,511,02/07/2026 13:31:47
413000666,Red Sea Pearl,85,17.23792,57.85726,3.5,341.4,214,1782983692
235000111,Desert Star,82,20.59887,52.53636,23.1,218.0,286,2026-07-02T12:12:35Z
311000456,Ocean Voyager,70,14.75543,52.94483,24.1,287.2,346,1782974552
419000222,Indus Prince,74,13.43191,55.71413,20.5,156.6,511,2026/07/02 12:44:44
235000111,Desert Star,82,22.39795,56.78595,24.6,36.9,236,02/07/2026 13:58:59
419000222,Indus Prince,74,22.87983,64.39477,16.9,147.5,214,02/07/2026 14:21:30
235000111,Desert Star,82,18.28028,60.74644,18.8,24.9,229,2026-07-02T12:48:21Z
477000789,Blue Marlin,30,2.18617,39.52394,9.0,46.5,210,2026-07-02T12:28:16Z
311000456,Ocean Voyager,70,23.23487,59.01785,8.6,175.5,25,2026/07/02 14:17:18
311000456,Ocean Voyager,70,27.39467,55.78896,23.8,233.8,511,1782975249
355000555,Sea Pearl,36,14.99814,56.5762,7.0,195.0,62,2026-07-02T12:55:52Z
419000222,Indus Prince,74,24.81593,64.76895,4.4,28.3,192,02/07/2026 14:31:55
311000456,Ocean Voyager,70,14.20812,59.58129,0.7,5.9,202,1782976166
419000222,Indus Prince,74,22.87851,50.49183,20.6,186.9,313,2026/07/02 13:17:57
477000789,Blue Marlin,30,9.11875,43.00983,5.5,170.1,106,02/07/2026 13:59:32
413000666,Red Sea Pearl,85,24.86159,56.30222,21.1,185.9,132,2026-07-02T12:42:41Z
477123456,Sindbad,30,16.43964,58.6663,7.2,277.4,103,02/07/2026 12:32:23
413000666,Red Sea Pearl,85,19.46581,62.89803,8.0,72.0,105,2026/07/02 14:40:46
477123456,Sindbad,30,14.91591,53.7741,20.4,38.8,275,2026/07/02 13:08:17
538000333,Pacific Explorer,60,39.33786,38.90109,22.8,49.2,71,02/07/2026 13:01:44
636000444,Gulf Breeze,79,17.40229,51.14667,7.1,326.1,283,2026/07/02 13:20:07
419000222,Indus Prince,74,27.89155,63.69648,15.5,120.2,121,2026-07-02T13:03:52Z
235000111,Desert Star,82,26.89135,64.51166,21.7,193.2,40,2026-07-02T13:23:24Z
311000456,Ocean Voyager,70,19.94033,60.19178,16.2,97.7,74,02/07/2026 14:29:15
636000444,Gulf Breeze,79,25.68863,52.14185,20.0,143.6,75,2026/07/02 13:10:15
311000123,Al-Batha,81,17.54561,64.94501,9.5,56.4,209,2026/07/02 14:37:35
477123456,Sindbad,30,17.90107,57.91526,24.2,161.3,243,1782975063
636000444,Gulf Breeze,79,18.70146,64.00183,2.3,230.7,38,2026/07/02 12:16:51
636000444,Gulf Breeze,79,27.7872,60.08341,7.1,309.3,316,1782976520
413000666,Red Sea Pearl,85,13.38071,57.43041,17.3,9.1,4,2026/07/02 13:08:53
636000444,Gulf Breeze,79,14.93901,63.55994,9.0,221.8,104,1782979781
477000789,Blue Marlin,30,19.88681,57.85659,4.5,126.4,74,1782981979
419000222,Indus Prince,74,19.39152,62.01765,10.6,163.6,197,2026/07/02 12:56:08
235000111,Desert Star,82,23.75511,61.53973,2.7,32.9,511,1782974387
311000123,Al-Batha,81,21.27953,63.17788,1.9,255.9,355,1782980148
636000444,Gulf Breeze,79,23.14453,52.88722,20.0,53.5,153,2026-07-02T12:54:49Z
538000333,Pacific Explorer,60,15.87959,59.67292,10.9,41.4,208,2026-07-02T14:38:57Z
413000666,Red Sea Pearl,85,26.83764,53.53463,19.0,58.2,179,02/07/2026 12:44:14
636000444,Gulf Breeze,79,12.20997,50.83302,5.1,257.5,150,02/07/2026 13:01:15
477123456,Sindbad,30,21.07143,53.85923,15.8,104.5,346,2026-07-02T12:54:43Z
311000123,Al-Batha,81,22.00154,57.54704,17.2,220.4,60,2026-07-02T14:30:01Z
355000555,Sea Pearl,36,15.4797,58.33906,23.7,187.8,144,2026/07/02 13:28:04
636000444,Gulf Breeze,79,13.15656,51.6696,21.6,329.7,511,02/07/2026 12:13:05
311000123,Al-Batha,81,14.72216,62.1783,3.1,339.6,252,2026/07/02 13:07:35
311000123,Al-Batha,81,14.32365,57.70308,17.5,54.6,109,2026/07/02 13:53:53
636000444,Gulf Breeze,79,17.53884,63.86289,23.5,121.3,511,02/07/2026 13:51:35
235000111,Desert Star,82,27.34223,57.56323,14.7,165.3,279,02/07/2026 12:13:25
477123456,Sindbad,30,26.45322,52.05276,17.2,301.1,10,2026-07-02T13:01:19Z
311000456,Ocean Voyager,70,25.05333,52.56401,18.8,354.0,250,02/07/2026 12:21:35
355000555,Sea Pearl,36,26.44247,55.44564,2.7,114.2,40,2026-07-02T13:46:45Z
235000111,Desert Star,82,14.54549,55.8557,12.3,56.2,313,1782974493
311000123,Al-Batha,81,2.53288,43.80343,12.1,194.3,205,2026/07/02 13:29:25
355000555,Sea Pearl,36,8.33048,76.54067,4.8,44.2,283,02/07/2026 14:20:06
636000444,Gulf Breeze,79,23.94116,51.85977,9.0,175.5,256,2026/07/02 12:11:57
355000555,Sea Pearl,36,26.3767,51.40732,5.9,259.9,38,1782981847
636000444,Gulf Breeze,79,25.27164,57.64544,8.8,104.6,236,2026/07/02 12:36:59
311000123,Al-Batha,81,14.40073,64.48895,14.5,234.4,300,2026-07-02T13:57:51Z
538000333,Pacific Explorer,60,20.75187,58.80312,23.0,37.8,511,1782977866
413000666,Red Sea Pearl,85,18.52365,52.59268,2.6,214.6,173,2026-07-02T12:59:25Z
419000222,Indus Prince,74,23.47593,53.22945,14.9,154.4,511,2026/07/02 12:27:14
413000666,Red Sea Pearl,85,22.31065,54.28694,2.8,298.1,235,2026/07/02 12:42:16
355000555,Sea Pearl,36,21.8564,60.59742,15.9,301.5,102,2026-07-02T13:26:58Z
355000555,Sea Pearl,36,23.72879,52.46036,8.7,359.3,152,1782975405
636000444,Gulf Breeze,79,26.68614,60.15113,0.8,31.0,6,2026/07/02 12:51:22
413000666,Red Sea Pearl,85,20.45033,60.70292,10.0,101.1,281,1782974269
413000666,Red Sea Pearl,85,24.57118,57.28073,11.6,331.4,233,2026/07/02 13:18:42
311000123,Al-Batha,81,17.72942,63.56658,21.8,44.3,312,1782974092
311000456,Ocean Voyager,70,21.89925,58.999,21.3,180.2,252,2026/07/02 12:41:15
477000789,Blue Marlin,30,16.83878,61.47909,18.9,262.7,211,02/07/2026 12:24:45
235000111,Desert Star,82,15.26072,55.53319,6.9,109.2,296,1782977815
413000666,Red Sea Pearl,85,24.77974,59.01209,12.4,285.5,37,2026/07/02 12:37:23
477123456,Sindbad,30,27.05653,63.79129,10.1,95.6,322,1782978284
636000444,Gulf Breeze,79,16.51451,63.16255,8.8,54.8,197,02/07/2026 13:09:59
477000789,Blue Marlin,30,16.88962,64.53023,15.6,214.4,240,2026/07/02 12:00:37
413000666,Red Sea Pearl,85,3.62804,79.89804,0.1,131.9,118,02/07/2026 12:18:36
538000333,Pacific Explorer,60,24.74431,60.13046,11.8,24.3,128,2026/07/02 13:26:22
419000222,Indus Prince,74,15.80003,57.0419,5.9,275.6,122,2026/07/02 14:10:26
311000123,Al-Batha,81,14.83037,61.02428,14.4,315.9,229,02/07/2026 13:40:45
636000444,Gulf Breeze,79,15.80711,58.49104,0.9,358.5,18,02/07/2026 12:51:33
477000789,Blue Marlin,30,27.27767,55.35147,15.4,173.8,319,2026-07-02T14:28:24Z
477000789,Blue Marlin,30,16.24865,56.852,7.8,317.7,12,1782981955
413000666,Red Sea Pearl,85,26.13004,52.92072,23.6,5.5,117,2026-07-02T13:39:26Z
477123456,Sindbad,30,25.48034,53.91806,20.8,287.8,253,2026-07-02T13:19:23Z
311000123,Al-Batha,81,13.11387,57.18554,13.2,165.0,143,02/07/2026 12:37:46
355000555,Sea Pearl,36,12.45513,62.38472,8.6,340.6,105,1782979788
311000123,Al-Batha,81,25.35522,54.47242,8.4,104.6,511,2026-07-02T13:35:01Z
413000666,Red Sea Pearl,85,12.09026,50.92103,21.8,308.5,300,1782973815
311000456,Ocean Voyager,70,19.04758,59.57813,21.1,205.8,101,2026/07/02 14:43:14
355000555,Sea Pearl,36,18.66892,64.49723,6.6,252.8,185,02/07/2026 14:06:02
311000456,Ocean Voyager,70,15.61197,61.42971,0.1,156.4,318,02/07/2026 14:37:56
477123456,Sindbad,30,15.74596,54.71303,14.6,192.6,17,02/07/2026 12:15:45
419000222,Indus Prince,74,21.57308,53.88401,18.9,79.6,143,2026/07/02 14:04:52
235000111,Desert Star,82,27.01382,64.12173,13.8,110.1,3,1782976144
311000123,Al-Batha,81,17.81047,54.19585,23.9,356.8,285,1782976027
538000333,Pacific Explorer,60,22.85162,64.25367,15.7,233.2,148,1782979265
311000123,Al-Batha,81,19.74939,64.44833,21.8,335.7,142,02/07/2026 12:48:40
477123456,Sindbad,30,4.72093,74.61586,21.2,289.0,319,2026-07-02T14:08:27Z
413000666,Red Sea Pearl,85,27.12446,50.15331,24.8,143.9,70,2026/07/02 13:01:50
477000789,Blue Marlin,30,22.38347,53.68961,7.7,244.4,101,1782980898
477123456,Sindbad,30,25.71312,59.18181,12.5,325.3,243,2026-07-02T12:04:01Z
477123456,Sindbad,30,15.06068,54.57264,1.3,220.5,162,1782982380
477000789,Blue Marlin,30,12.48234,54.58407,21.9,157.3,118,02/07/2026 12:58:26
477123456,Sindbad,30,26.74913,52.26686,9.7,107.8,58,1782983299
538000333,Pacific Explorer,60,26.53527,50.78592,7.9,302.7,199,2026/07/02 12:29:27
311000123,Al-Batha,81,13.0491,59.30826,18.2,136.7,154,2026-07-02T12:58:50Z
636000444,Gulf Breeze,79,12.60954,64.96834,23.4,124.4,336,1782977259
235000111,Desert Star,82,18.41611,53.28807,24.5,35.9,99,2026-07-02T13:02:02Z
538000333,Pacific Explorer,60,13.38541,58.69746,15.1,32.6,81,2026/07/02 13:46:37
235000111,Desert Star,82,19.07719,61.13301,14.1,246.9,511,1782979430
538000333,Pacific Explorer,60,23.44404,54.98907,22.2,215.4,260,2026-07-02T14:16:02Z
419000222,Indus Prince,74,15.56672,62.44291,11.2,25.5,511,1782982545
413000666,Red Sea Pearl,85,13.32477,64.95208,23.0,88.1,256,02/07/2026 12:38:48
636000444,Gulf Breeze,79,13.25195,57.91898,19.2,200.4,178,2026/07/02 14:26:33
413000666,Red Sea Pearl,85,27.19407,56.02202,13.0,17.9,314,1782982423
311000123,Al-Batha,81,13.28627,60.64321,10.6,317.7,175,2026/07/02 12:08:54
636000444,Gulf Breeze,79,16.86627,57.7146,18.9,317.1,262,2026/07/02 14:01:31
477123456,Sindbad,30,15.19367,51.5218,15.0,183.6,221,2026-07-02T13:32:30Z
355000555,Sea Pearl,36,27.75433,50.06341,21.7,349.9,334,02/07/2026 12:05:10
413000666,Red Sea Pearl,85,14.28885,50.74401,4.7,94.3,208,2026/07/02 14:35:58
477000789,Blue Marlin,30,27.33816,64.28694,1.6,170.2,12,02/07/2026 14:19:25
419000222,Indus Prince,74,23.57538,52.91196,23.3,321.2,90,02/07/2026 13:16:05
636000444,Gulf Breeze,79,12.95954,59.09483,2.1,87.8,151,1782978875
413000666,Red Sea Pearl,85,24.48552,61.63474,6.7,189.3,5,2026/07/02 13:10:23
235000111,Desert Star,82,15.3022,56.1042,6.2,226.3,11,1782974887
477123456,Sindbad,30,23.87983,50.49726,24.7,288.4,511,1782978362
477000789,Blue Marlin,30,27.28891,60.91626,16.6,171.9,118,2026/07/02 14:03:56
355000555,Sea Pearl,36,14.36545,53.08442,0.5,30.9,316,2026-07-02T13:11:43Z
636000444,Gulf Breeze,79,15.09331,51.22038,13.6,79.5,511,02/07/2026 14:25:30
636000444,Gulf Breeze,79,24.27808,62.40926,24.5,243.1,16,2026-07-02T13:46:17Z
235000111,Desert Star,82,14.44565,58.45914,12.1,234.9,67,02/07/2026 14:21:06
311000456,Ocean Voyager,70,14.7663,61.80797,19.8,22.9,100,02/07/2026 13:41:48
235000111,Desert Star,82,17.72753,64.12637,8.2,310.8,0,02/07/2026 13:20:22
636000444,Gulf Breeze,79,13.68691,56.09792,5.5,1.2,313,2026-07-02T13:26:51Z
311000123,Al-Batha,81,24.0755,59.1335,6.1,237.6,242,2026/07/02 12:53:11
419000222,Indus Prince,74,12.25958,61.25691,9.5,359.1,125,02/07/2026 12:10:47
311000456,Ocean Voyager,70,16.50445,55.53191,22.9,145.2,124,02/07/2026 12:28:51
538000333,Pacific Explorer,60,13.34631,55.17554,2.4,303.5,162,2026-07-02T14:33:59Z
311000456,Ocean Voyager,70,3.55076,39.5411,22.2,157.7,182,1782974970
538000333,Pacific Explorer,60,14.03396,54.20955,18.9,59.5,357,2026/07/02 13:40:35
419000222,Indus Prince,74,27.43376,52.502,23.1,315.1,511,1782981485
419000222,Indus Prince,74,12.50303,62.26238,17.3,68.5,215,1782979279
538000333,Pacific Explorer,60,14.63801,56.8373,1.2,49.7,41,1782974212
477123456,Sindbad,30,24.07619,59.86267,7.3,204.2,185,2026/07/02 12:38:15
355000555,Sea Pearl,36,26.32153,57.70355,5.7,344.3,94,1782974899
477000789,Blue Marlin,30,19.52417,62.56943,5.9,151.1,112,2026-07-02T14:19:15Z
235000111,Desert Star,82,13.77901,54.44422,22.9,93.9,5,2026/07/02 13:52:13
311000456,Ocean Voyager,70,20.38381,60.14128,19.5,115.0,19,1782983574
413000666,Red Sea Pearl,85,17.51303,61.77897,18.4,302.4,315,1782982314
538000333,Pacific Explorer,60,22.38363,60.56237,21.9,330.5,188,2026-07-02T13:20:59Z
636000444,Gulf Breeze,79,23.17295,51.27976,23.1,256.3,77,2026-07-02T13:30:55Z
538000333,Pacific Explorer,60,21.97897,58.27438,0.2,33.4,104,2026-07-02T13:20:38Z
311000123,Al-Batha,81,15.07512,60.58459,1.1,98.6,86,1782977693
311000123,Al-Batha,81,15.98738,62.87431,4.4,292.3,60,2026-07-02T12:38:00Z
413000666,Red Sea Pearl,85,25.0004,56.20366,5.1,277.9,511,2026/07/02 12:04:24
311000456,Ocean Voyager,70,12.16068,63.44448,2.7,175.4,113,02/07/2026 13:54:15
636000444,Gulf Breeze,79,26.20802,60.69402,3.8,26.0,267,2026/07/02 14:40:59
311000456,Ocean Voyager,70,18.28591,61.46648,4.4,309.8,18,1782978287
636000444,Gulf Breeze,79,27.76859,64.71394,1.1,92.4,232,2026/07/02 13:29:40
477000789,Blue Marlin,30,26.19852,56.75843,1.1,342.9,57,1782974162
413000666,Red Sea Pearl,85,27.23581,64.70442,9.4,291.3,69,2026/07/02 13:28:12
311000456,Ocean Voyager,70,24.36183,57.55567,15.5,298.2,237,2026-07-02T14:41:52Z
413000666,Red Sea Pearl,85,18.65746,63.06219,4.5,173.0,320,02/07/2026 12:29:38
419000222,Indus Prince,74,13.56156,58.70363,13.3,197.6,63,2026/07/02 14:24:09
477123456,Sindbad,30,26.23827,60.99979,11.4,269.6,65,2026/07/02 13:56:46
413000666,Red Sea Pearl,85,17.85374,57.70704,17.3,338.8,37,2026/07/02 12:28:36
311000123,Al-Batha,81,12.04521,61.53055,13.5,218.3,333,2026/07/02 14:43:35
538000333,Pacific Explorer,60,24.61572,63.87826,8.1,98.8,120,2026/07/02 13:37:23
355000555,Sea Pearl,36,23.16387,64.33679,20.4,289.3,217,2026/07/02 14:05:15
419000222,Indus Prince,74,20.34123,54.54968,5.6,321.6,160,2026-07-02T12:11:48Z
